Sun,Jul,26,20:00:20,2020,"642
"
Sun,Jul,26,20:00:20,2020,"642
"
Sun,Jul,26,20:00:20,2020,"642
"
Sun,Jul,26,20:00:20,2020,"642
"
Sun,Jul,26,20:00:20,2020,"642
"
Sun,Jul,26,20:00:20,2020,"642
"
Sun,Jul,26,20:00:20,2020,"642
"
Sun,Jul,26,20:00:20,2020,"706
"
Sun,Jul,26,20:00:21,2020,"706
"
Sun,Jul,26,20:00:21,2020,"706
"
Sun,Jul,26,20:00:21,2020,"706
"
Sun,Jul,26,20:00:21,2020,"706
"
Sun,Jul,26,20:00:21,2020,"706
"
Sun,Jul,26,20:00:21,2020,"706
"
Sun,Jul,26,20:00:21,2020,"706
"
Sun,Jul,26,20:00:21,2020,"706
"
Sun,Jul,26,20:00:21,2020,"706
"
Sun,Jul,26,20:00:21,2020,"642
"
Sun,Jul,26,20:00:22,2020,"642
"
Sun,Jul,26,20:00:22,2020,"642
"
Sun,Jul,26,20:00:22,2020,"642
"
Sun,Jul,26,20:00:22,2020,"642
"
Sun,Jul,26,20:00:22,2020,"642
"
Sun,Jul,26,20:00:22,2020,"642
"
Sun,Jul,26,20:00:22,2020,"642
"
Sun,Jul,26,20:00:22,2020,"642
"
Sun,Jul,26,20:00:22,2020,"642
"
Sun,Jul,26,20:00:23,2020,"706
"
Sun,Jul,26,20:00:23,2020,"706
"
Sun,Jul,26,20:00:23,2020,"706
"
Sun,Jul,26,20:00:23,2020,"706
"
Sun,Jul,26,20:00:23,2020,"706
"
Sun,Jul,26,20:00:23,2020,"706
"
Sun,Jul,26,20:00:23,2020,"706
"
Sun,Jul,26,20:00:23,2020,"706
"
Sun,Jul,26,20:00:23,2020,"706
"
Sun,Jul,26,20:00:23,2020,"706
"
Sun,Jul,26,20:00:24,2020,"706
"
Sun,Jul,26,20:00:24,2020,"706
"
Sun,Jul,26,20:00:24,2020,"706
"
Sun,Jul,26,20:00:24,2020,"706
"
Sun,Jul,26,20:00:24,2020,"706
"
Sun,Jul,26,20:00:24,2020,"706
"
Sun,Jul,26,20:00:24,2020,"706
"
Sun,Jul,26,20:00:24,2020,"706
"
Sun,Jul,26,20:00:24,2020,"706
"
Sun,Jul,26,20:00:24,2020,"706
"
Sun,Jul,26,20:00:25,2020,"706
"
Sun,Jul,26,20:00:25,2020,"706
"
Sun,Jul,26,20:00:25,2020,"706
"
Sun,Jul,26,20:00:25,2020,"706
"
Sun,Jul,26,20:00:25,2020,"706
"
Sun,Jul,26,20:00:25,2020,"706
"
Sun,Jul,26,20:00:25,2020,"706
"
Sun,Jul,26,20:00:25,2020,"706
"
Sun,Jul,26,20:00:25,2020,"706
"
Sun,Jul,26,20:00:25,2020,"706
"
Sun,Jul,26,20:00:26,2020,"706
"
Sun,Jul,26,20:00:26,2020,"706
"
Sun,Jul,26,20:00:26,2020,"706
"
Sun,Jul,26,20:00:26,2020,"706
"
Sun,Jul,26,20:00:26,2020,"706
"
Sun,Jul,26,20:00:26,2020,"706
"
Sun,Jul,26,20:00:26,2020,"706
"
Sun,Jul,26,20:00:26,2020,"706
"
Sun,Jul,26,20:00:26,2020,"706
"
Sun,Jul,26,20:00:27,2020,"706
"
Sun,Jul,26,20:00:27,2020,"642
"
Sun,Jul,26,20:00:27,2020,"642
"
Sun,Jul,26,20:00:27,2020,"642
"
Sun,Jul,26,20:00:27,2020,"642
"
Sun,Jul,26,20:00:27,2020,"642
"
Sun,Jul,26,20:00:27,2020,"642
"
Sun,Jul,26,20:00:27,2020,"642
"
Sun,Jul,26,20:00:27,2020,"642
"
Sun,Jul,26,20:00:27,2020,"642
"
Sun,Jul,26,20:00:28,2020,"642
"
Sun,Jul,26,20:00:28,2020,"642
"
Sun,Jul,26,20:00:28,2020,"642
"
Sun,Jul,26,20:00:28,2020,"642
"
Sun,Jul,26,20:00:28,2020,"642
"
Sun,Jul,26,20:00:28,2020,"642
"
Sun,Jul,26,20:00:28,2020,"642
"
Sun,Jul,26,20:00:28,2020,"642
"
Sun,Jul,26,20:00:28,2020,"642
"
Sun,Jul,26,20:00:28,2020,"642
"
Sun,Jul,26,20:00:29,2020,"642
"
Sun,Jul,26,20:00:29,2020,"706
"
Sun,Jul,26,20:00:29,2020,"706
"
Sun,Jul,26,20:00:29,2020,"706
"
Sun,Jul,26,20:00:29,2020,"706
"
Sun,Jul,26,20:00:29,2020,"706
"
Sun,Jul,26,20:00:29,2020,"706
"
Sun,Jul,26,20:00:29,2020,"706
"
Sun,Jul,26,20:00:29,2020,"706
"
Sun,Jul,26,20:00:30,2020,"706
"
Sun,Jul,26,20:00:30,2020,"706
"
Sun,Jul,26,20:00:30,2020,"642
"
Sun,Jul,26,20:00:30,2020,"642
"
Sun,Jul,26,20:00:30,2020,"642
"
Sun,Jul,26,20:00:30,2020,"642
"
Sun,Jul,26,20:00:30,2020,"642
"
Sun,Jul,26,20:00:30,2020,"642
"
Sun,Jul,26,20:00:30,2020,"642
"
Sun,Jul,26,20:00:30,2020,"642
"
Sun,Jul,26,20:00:31,2020,"642
"
Sun,Jul,26,20:00:31,2020,"642
"
Sun,Jul,26,20:00:31,2020,"642
"
Sun,Jul,26,20:00:31,2020,"642
"
Sun,Jul,26,20:00:31,2020,"642
"
Sun,Jul,26,20:00:31,2020,"642
"
Sun,Jul,26,20:00:31,2020,"642
"
Sun,Jul,26,20:00:31,2020,"642
"
Sun,Jul,26,20:00:31,2020,"642
"
Sun,Jul,26,20:00:31,2020,"642
"
Sun,Jul,26,20:00:32,2020,"642
"
Sun,Jul,26,20:00:32,2020,"642
"
Sun,Jul,26,20:00:32,2020,"706
"
Sun,Jul,26,20:00:32,2020,"706
"
Sun,Jul,26,20:00:32,2020,"706
"
Sun,Jul,26,20:00:32,2020,"706
"
Sun,Jul,26,20:00:32,2020,"706
"
Sun,Jul,26,20:00:32,2020,"706
"
Sun,Jul,26,20:00:32,2020,"706
"
Sun,Jul,26,20:00:33,2020,"706
"
Sun,Jul,26,20:00:33,2020,"706
"
Sun,Jul,26,20:00:33,2020,"706
"
Sun,Jul,26,20:00:33,2020,"642
"
Sun,Jul,26,20:00:33,2020,"642
"
Sun,Jul,26,20:00:33,2020,"642
"
Sun,Jul,26,20:00:33,2020,"642
"
Sun,Jul,26,20:00:33,2020,"642
"
Sun,Jul,26,20:00:33,2020,"642
"
Sun,Jul,26,20:00:33,2020,"642
"
Sun,Jul,26,20:00:34,2020,"642
"
Sun,Jul,26,20:00:34,2020,"642
"
Sun,Jul,26,20:00:34,2020,"642
"
Sun,Jul,26,20:00:34,2020,"642
"
Sun,Jul,26,20:00:34,2020,"642
"
Sun,Jul,26,20:00:34,2020,"642
"
Sun,Jul,26,20:00:34,2020,"642
"
Sun,Jul,26,20:00:34,2020,"642
"
Sun,Jul,26,20:00:34,2020,"642
"
Sun,Jul,26,20:00:34,2020,"642
"
Sun,Jul,26,20:00:35,2020,"642
"
Sun,Jul,26,20:00:35,2020,"642
"
Sun,Jul,26,20:00:35,2020,"642
"
Sun,Jul,26,20:00:35,2020,"706
"
Sun,Jul,26,20:00:35,2020,"706
"
Sun,Jul,26,20:00:35,2020,"706
"
Sun,Jul,26,20:00:35,2020,"706
"
Sun,Jul,26,20:00:35,2020,"706
"
Sun,Jul,26,20:00:35,2020,"706
"
Sun,Jul,26,20:00:36,2020,"706
"
Sun,Jul,26,20:00:36,2020,"706
"
Sun,Jul,26,20:00:36,2020,"706
"
Sun,Jul,26,20:00:36,2020,"706
"
Sun,Jul,26,20:00:36,2020,"706
"
Sun,Jul,26,20:00:36,2020,"706
"
Sun,Jul,26,20:00:36,2020,"706
"
Sun,Jul,26,20:00:36,2020,"706
"
Sun,Jul,26,20:00:36,2020,"706
"
Sun,Jul,26,20:00:36,2020,"706
"
Sun,Jul,26,20:00:37,2020,"706
"
Sun,Jul,26,20:00:37,2020,"706
"
Sun,Jul,26,20:00:37,2020,"706
"
Sun,Jul,26,20:00:37,2020,"706
"
Sun,Jul,26,20:00:37,2020,"642
"
Sun,Jul,26,20:00:37,2020,"642
"
Sun,Jul,26,20:00:37,2020,"642
"
Sun,Jul,26,20:00:37,2020,"642
"
Sun,Jul,26,20:00:37,2020,"642
"
Sun,Jul,26,20:00:37,2020,"642
"
Sun,Jul,26,20:00:38,2020,"642
"
Sun,Jul,26,20:00:38,2020,"642
"
Sun,Jul,26,20:00:38,2020,"642
"
Sun,Jul,26,20:00:38,2020,"642
"
Sun,Jul,26,20:00:38,2020,"706
"
Sun,Jul,26,20:00:38,2020,"706
"
Sun,Jul,26,20:00:38,2020,"706
"
Sun,Jul,26,20:00:38,2020,"706
"
Sun,Jul,26,20:00:38,2020,"706
"
Sun,Jul,26,20:00:39,2020,"706
"
Sun,Jul,26,20:00:39,2020,"706
"
Sun,Jul,26,20:00:39,2020,"706
"
Sun,Jul,26,20:00:39,2020,"706
"
Sun,Jul,26,20:00:39,2020,"706
"
Sun,Jul,26,20:00:39,2020,"706
"
Sun,Jul,26,20:00:39,2020,"706
"
Sun,Jul,26,20:00:39,2020,"706
"
Sun,Jul,26,20:00:39,2020,"706
"
Sun,Jul,26,20:00:39,2020,"706
"
Sun,Jul,26,20:00:40,2020,"706
"
Sun,Jul,26,20:00:40,2020,"706
"
Sun,Jul,26,20:00:40,2020,"706
"
Sun,Jul,26,20:00:40,2020,"706
"
Sun,Jul,26,20:00:40,2020,"706
"
Sun,Jul,26,20:00:40,2020,"642
"
Sun,Jul,26,20:00:40,2020,"642
"
Sun,Jul,26,20:00:40,2020,"642
"
Sun,Jul,26,20:00:40,2020,"642
"
Sun,Jul,26,20:00:40,2020,"642
"
Sun,Jul,26,20:00:41,2020,"642
"
Sun,Jul,26,20:00:41,2020,"642
"
Sun,Jul,26,20:00:41,2020,"642
"
Sun,Jul,26,20:00:41,2020,"642
"
Sun,Jul,26,20:00:41,2020,"642
"
Sun,Jul,26,20:00:41,2020,"642
"
Sun,Jul,26,20:00:41,2020,"642
"
Sun,Jul,26,20:00:41,2020,"642
"
Sun,Jul,26,20:00:41,2020,"642
"
Sun,Jul,26,20:00:41,2020,"642
"
Sun,Jul,26,20:00:42,2020,"642
"
Sun,Jul,26,20:00:42,2020,"642
"
Sun,Jul,26,20:00:42,2020,"642
"
Sun,Jul,26,20:00:42,2020,"642
"
Sun,Jul,26,20:00:42,2020,"642
"
Sun,Jul,26,20:00:42,2020,"642
"
Sun,Jul,26,20:00:42,2020,"642
"
Sun,Jul,26,20:00:42,2020,"642
"
Sun,Jul,26,20:00:42,2020,"642
"
Sun,Jul,26,20:00:43,2020,"642
"
Sun,Jul,26,20:00:43,2020,"642
"
Sun,Jul,26,20:00:43,2020,"642
"
Sun,Jul,26,20:00:43,2020,"642
"
Sun,Jul,26,20:00:43,2020,"642
"
Sun,Jul,26,20:00:43,2020,"642
"
Sun,Jul,26,20:00:43,2020,"642
"
Sun,Jul,26,20:00:43,2020,"642
"
Sun,Jul,26,20:00:43,2020,"642
"
Sun,Jul,26,20:00:43,2020,"642
"
Sun,Jul,26,20:00:44,2020,"642
"
Sun,Jul,26,20:00:44,2020,"642
"
Sun,Jul,26,20:00:44,2020,"642
"
Sun,Jul,26,20:00:44,2020,"642
"
Sun,Jul,26,20:00:44,2020,"642
"
Sun,Jul,26,20:00:44,2020,"642
"
Sun,Jul,26,20:00:44,2020,"706
"
Sun,Jul,26,20:00:44,2020,"706
"
Sun,Jul,26,20:00:44,2020,"706
"
Sun,Jul,26,20:00:44,2020,"706
"
Sun,Jul,26,20:00:45,2020,"706
"
Sun,Jul,26,20:00:45,2020,"706
"
Sun,Jul,26,20:00:45,2020,"706
"
Sun,Jul,26,20:00:45,2020,"706
"
Sun,Jul,26,20:00:45,2020,"706
"
Sun,Jul,26,20:00:45,2020,"706
"
Sun,Jul,26,20:00:45,2020,"706
"
Sun,Jul,26,20:00:45,2020,"706
"
Sun,Jul,26,20:00:45,2020,"706
"
Sun,Jul,26,20:00:45,2020,"706
"
Sun,Jul,26,20:00:46,2020,"706
"
Sun,Jul,26,20:00:46,2020,"706
"
Sun,Jul,26,20:00:46,2020,"706
"
Sun,Jul,26,20:00:46,2020,"706
"
Sun,Jul,26,20:00:46,2020,"706
"
Sun,Jul,26,20:00:46,2020,"706
"
Sun,Jul,26,20:00:46,2020,"706
"
Sun,Jul,26,20:00:46,2020,"706
"
Sun,Jul,26,20:00:46,2020,"706
"
Sun,Jul,26,20:00:47,2020,"706
"
Sun,Jul,26,20:00:47,2020,"706
"
Sun,Jul,26,20:00:47,2020,"706
"
Sun,Jul,26,20:00:47,2020,"706
"
Sun,Jul,26,20:00:47,2020,"706
"
Sun,Jul,26,20:00:47,2020,"706
"
Sun,Jul,26,20:00:47,2020,"706
"
Sun,Jul,26,20:00:47,2020,"642
"
Sun,Jul,26,20:00:47,2020,"642
"
Sun,Jul,26,20:00:47,2020,"642
"
Sun,Jul,26,20:00:48,2020,"642
"
Sun,Jul,26,20:00:48,2020,"642
"
Sun,Jul,26,20:00:48,2020,"642
"
Sun,Jul,26,20:00:48,2020,"642
"
Sun,Jul,26,20:00:48,2020,"642
"
Sun,Jul,26,20:00:48,2020,"642
"
Sun,Jul,26,20:00:48,2020,"642
"
Sun,Jul,26,20:00:48,2020,"706
"
Sun,Jul,26,20:00:48,2020,"706
"
Sun,Jul,26,20:00:48,2020,"706
"
Sun,Jul,26,20:00:49,2020,"706
"
Sun,Jul,26,20:00:49,2020,"706
"
Sun,Jul,26,20:00:49,2020,"706
"
Sun,Jul,26,20:00:49,2020,"706
"
Sun,Jul,26,20:00:49,2020,"706
"
Sun,Jul,26,20:00:49,2020,"706
"
Sun,Jul,26,20:00:49,2020,"706
"
Sun,Jul,26,20:00:49,2020,"642
"
Sun,Jul,26,20:00:49,2020,"642
"
Sun,Jul,26,20:00:49,2020,"642
"
Sun,Jul,26,20:00:50,2020,"642
"
Sun,Jul,26,20:00:50,2020,"642
"
Sun,Jul,26,20:00:50,2020,"642
"
Sun,Jul,26,20:00:50,2020,"642
"
Sun,Jul,26,20:00:50,2020,"642
"
Sun,Jul,26,20:00:50,2020,"642
"
Sun,Jul,26,20:00:50,2020,"642
"
Sun,Jul,26,20:00:50,2020,"706
"
Sun,Jul,26,20:00:50,2020,"706
"
Sun,Jul,26,20:00:51,2020,"706
"
Sun,Jul,26,20:00:51,2020,"706
"
Sun,Jul,26,20:00:51,2020,"706
"
Sun,Jul,26,20:00:51,2020,"706
"
Sun,Jul,26,20:00:51,2020,"706
"
Sun,Jul,26,20:00:51,2020,"706
"
Sun,Jul,26,20:00:51,2020,"706
"
Sun,Jul,26,20:00:51,2020,"706
"
Sun,Jul,26,20:00:51,2020,"706
"
Sun,Jul,26,20:00:51,2020,"706
"
Sun,Jul,26,20:00:52,2020,"706
"
Sun,Jul,26,20:00:52,2020,"706
"
Sun,Jul,26,20:00:52,2020,"706
"
Sun,Jul,26,20:00:52,2020,"706
"
Sun,Jul,26,20:00:52,2020,"706
"
Sun,Jul,26,20:00:52,2020,"706
"
Sun,Jul,26,20:00:52,2020,"706
"
Sun,Jul,26,20:00:52,2020,"706
"
Sun,Jul,26,20:00:52,2020,"706
"
Sun,Jul,26,20:00:52,2020,"706
"
Sun,Jul,26,20:00:53,2020,"706
"
Sun,Jul,26,20:00:53,2020,"706
"
Sun,Jul,26,20:00:53,2020,"706
"
Sun,Jul,26,20:00:53,2020,"706
"
Sun,Jul,26,20:00:53,2020,"706
"
Sun,Jul,26,20:00:53,2020,"706
"
Sun,Jul,26,20:00:53,2020,"706
"
Sun,Jul,26,20:00:53,2020,"706
"
Sun,Jul,26,20:00:53,2020,"706
"
Sun,Jul,26,20:00:54,2020,"706
"
Sun,Jul,26,20:00:54,2020,"706
"
Sun,Jul,26,20:00:54,2020,"706
"
Sun,Jul,26,20:00:54,2020,"706
"
Sun,Jul,26,20:00:54,2020,"706
"
Sun,Jul,26,20:00:54,2020,"706
"
Sun,Jul,26,20:00:54,2020,"706
"
Sun,Jul,26,20:00:54,2020,"706
"
Sun,Jul,26,20:00:54,2020,"706
"
Sun,Jul,26,20:00:54,2020,"642
"
Sun,Jul,26,20:00:55,2020,"642
"
Sun,Jul,26,20:00:55,2020,"642
"
Sun,Jul,26,20:00:55,2020,"642
"
Sun,Jul,26,20:00:55,2020,"642
"
Sun,Jul,26,20:00:55,2020,"642
"
Sun,Jul,26,20:00:55,2020,"642
"
Sun,Jul,26,20:00:55,2020,"642
"
Sun,Jul,26,20:00:55,2020,"642
"
Sun,Jul,26,20:00:55,2020,"642
"
Sun,Jul,26,20:00:55,2020,"706
"
Sun,Jul,26,20:00:56,2020,"706
"
Sun,Jul,26,20:00:56,2020,"706
"
Sun,Jul,26,20:00:56,2020,"706
"
Sun,Jul,26,20:00:56,2020,"706
"
Sun,Jul,26,20:00:56,2020,"706
"
Sun,Jul,26,20:00:56,2020,"706
"
Sun,Jul,26,20:00:56,2020,"706
"
Sun,Jul,26,20:00:56,2020,"706
"
Sun,Jul,26,20:00:56,2020,"706
"
Sun,Jul,26,20:00:56,2020,"706
"
Sun,Jul,26,20:00:57,2020,"706
"
Sun,Jul,26,20:00:57,2020,"706
"
Sun,Jul,26,20:00:57,2020,"706
"
Sun,Jul,26,20:00:57,2020,"706
"
Sun,Jul,26,20:00:57,2020,"706
"
Sun,Jul,26,20:00:57,2020,"706
"
Sun,Jul,26,20:00:57,2020,"706
"
Sun,Jul,26,20:00:57,2020,"706
"
Sun,Jul,26,20:00:57,2020,"706
"
Sun,Jul,26,20:00:58,2020,"642
"
Sun,Jul,26,20:00:58,2020,"642
"
Sun,Jul,26,20:00:58,2020,"642
"
Sun,Jul,26,20:00:58,2020,"642
"
Sun,Jul,26,20:00:58,2020,"642
"
Sun,Jul,26,20:00:58,2020,"642
"
Sun,Jul,26,20:00:58,2020,"642
"
Sun,Jul,26,20:00:58,2020,"642
"
Sun,Jul,26,20:00:58,2020,"642
"
Sun,Jul,26,20:00:58,2020,"642
"
Sun,Jul,26,20:00:59,2020,"642
"
Sun,Jul,26,20:00:59,2020,"642
"
Sun,Jul,26,20:00:59,2020,"642
"
Sun,Jul,26,20:00:59,2020,"642
"
Sun,Jul,26,20:00:59,2020,"642
"
Sun,Jul,26,20:00:59,2020,"642
"
Sun,Jul,26,20:00:59,2020,"642
"
Sun,Jul,26,20:00:59,2020,"642
"
Sun,Jul,26,20:00:59,2020,"642
"
Sun,Jul,26,20:00:59,2020,"642
"
Sun,Jul,26,20:01:00,2020,"706
"
Sun,Jul,26,20:01:00,2020,"706
"
Sun,Jul,26,20:01:00,2020,"706
"
Sun,Jul,26,20:01:00,2020,"706
"
Sun,Jul,26,20:01:00,2020,"706
"
Sun,Jul,26,20:01:00,2020,"706
"
Sun,Jul,26,20:01:00,2020,"706
"
Sun,Jul,26,20:01:00,2020,"706
"
Sun,Jul,26,20:01:00,2020,"706
"
Sun,Jul,26,20:01:01,2020,"706
"
Sun,Jul,26,20:01:01,2020,"642
"
Sun,Jul,26,20:01:01,2020,"642
"
Sun,Jul,26,20:01:01,2020,"642
"
Sun,Jul,26,20:01:01,2020,"642
"
Sun,Jul,26,20:01:01,2020,"642
"
Sun,Jul,26,20:01:01,2020,"642
"
Sun,Jul,26,20:01:01,2020,"642
"
Sun,Jul,26,20:01:01,2020,"642
"
Sun,Jul,26,20:01:01,2020,"642
"
Sun,Jul,26,20:01:02,2020,"642
"
Sun,Jul,26,20:01:02,2020,"642
"
Sun,Jul,26,20:01:02,2020,"642
"
Sun,Jul,26,20:01:02,2020,"642
"
Sun,Jul,26,20:01:02,2020,"642
"
Sun,Jul,26,20:01:02,2020,"642
"
Sun,Jul,26,20:01:02,2020,"642
"
Sun,Jul,26,20:01:02,2020,"642
"
Sun,Jul,26,20:01:02,2020,"642
"
Sun,Jul,26,20:01:02,2020,"642
"
Sun,Jul,26,20:01:03,2020,"642
"
Sun,Jul,26,20:01:03,2020,"706
"
Sun,Jul,26,20:01:03,2020,"706
"
Sun,Jul,26,20:01:03,2020,"706
"
Sun,Jul,26,20:01:03,2020,"706
"
Sun,Jul,26,20:01:03,2020,"706
"
Sun,Jul,26,20:01:03,2020,"706
"
Sun,Jul,26,20:01:03,2020,"706
"
Sun,Jul,26,20:01:03,2020,"706
"
Sun,Jul,26,20:01:03,2020,"706
"
Sun,Jul,26,20:01:04,2020,"706
"
Sun,Jul,26,20:01:04,2020,"642
"
Sun,Jul,26,20:01:04,2020,"642
"
Sun,Jul,26,20:01:04,2020,"642
"
Sun,Jul,26,20:01:04,2020,"642
"
Sun,Jul,26,20:01:04,2020,"642
"
Sun,Jul,26,20:01:04,2020,"642
"
Sun,Jul,26,20:01:04,2020,"642
"
Sun,Jul,26,20:01:04,2020,"642
"
Sun,Jul,26,20:01:05,2020,"642
"
Sun,Jul,26,20:01:05,2020,"642
"
Sun,Jul,26,20:01:05,2020,"642
"
Sun,Jul,26,20:01:05,2020,"642
"
Sun,Jul,26,20:01:05,2020,"642
"
Sun,Jul,26,20:01:05,2020,"642
"
Sun,Jul,26,20:01:05,2020,"642
"
Sun,Jul,26,20:01:05,2020,"642
"
Sun,Jul,26,20:01:05,2020,"642
"
Sun,Jul,26,20:01:05,2020,"642
"
Sun,Jul,26,20:01:06,2020,"642
"
Sun,Jul,26,20:01:06,2020,"642
"
Sun,Jul,26,20:01:06,2020,"706
"
Sun,Jul,26,20:01:06,2020,"706
"
Sun,Jul,26,20:01:06,2020,"706
"
Sun,Jul,26,20:01:06,2020,"706
"
Sun,Jul,26,20:01:06,2020,"706
"
Sun,Jul,26,20:01:06,2020,"706
"
Sun,Jul,26,20:01:06,2020,"706
"
Sun,Jul,26,20:01:06,2020,"706
"
Sun,Jul,26,20:01:07,2020,"706
"
Sun,Jul,26,20:01:07,2020,"706
"
Sun,Jul,26,20:01:07,2020,"642
"
Sun,Jul,26,20:01:07,2020,"642
"
Sun,Jul,26,20:01:07,2020,"642
"
Sun,Jul,26,20:01:07,2020,"642
"
Sun,Jul,26,20:01:07,2020,"642
"
Sun,Jul,26,20:01:07,2020,"642
"
Sun,Jul,26,20:01:07,2020,"642
"
Sun,Jul,26,20:01:08,2020,"642
"
Sun,Jul,26,20:01:08,2020,"642
"
Sun,Jul,26,20:01:08,2020,"642
"
Sun,Jul,26,20:01:08,2020,"706
"
Sun,Jul,26,20:01:08,2020,"706
"
Sun,Jul,26,20:01:08,2020,"706
"
Sun,Jul,26,20:01:08,2020,"706
"
Sun,Jul,26,20:01:08,2020,"706
"
Sun,Jul,26,20:01:08,2020,"706
"
Sun,Jul,26,20:01:08,2020,"706
"
Sun,Jul,26,20:01:09,2020,"706
"
Sun,Jul,26,20:01:09,2020,"706
"
Sun,Jul,26,20:01:09,2020,"706
"
Sun,Jul,26,20:01:09,2020,"706
"
Sun,Jul,26,20:01:09,2020,"706
"
Sun,Jul,26,20:01:09,2020,"706
"
Sun,Jul,26,20:01:09,2020,"706
"
Sun,Jul,26,20:01:09,2020,"706
"
Sun,Jul,26,20:01:09,2020,"706
"
Sun,Jul,26,20:01:09,2020,"706
"
Sun,Jul,26,20:01:10,2020,"706
"
Sun,Jul,26,20:01:10,2020,"706
"
Sun,Jul,26,20:01:10,2020,"706
"
Sun,Jul,26,20:01:10,2020,"642
"
Sun,Jul,26,20:01:10,2020,"642
"
Sun,Jul,26,20:01:10,2020,"642
"
Sun,Jul,26,20:01:10,2020,"642
"
Sun,Jul,26,20:01:10,2020,"642
"
Sun,Jul,26,20:01:10,2020,"642
"
Sun,Jul,26,20:01:11,2020,"642
"
Sun,Jul,26,20:01:11,2020,"642
"
Sun,Jul,26,20:01:11,2020,"642
"
Sun,Jul,26,20:01:11,2020,"642
"
Sun,Jul,26,20:01:11,2020,"642
"
Sun,Jul,26,20:01:11,2020,"642
"
Sun,Jul,26,20:01:11,2020,"642
"
Sun,Jul,26,20:01:11,2020,"642
"
Sun,Jul,26,20:01:11,2020,"642
"
Sun,Jul,26,20:01:11,2020,"642
"
Sun,Jul,26,20:01:12,2020,"642
"
Sun,Jul,26,20:01:12,2020,"642
"
Sun,Jul,26,20:01:12,2020,"642
"
Sun,Jul,26,20:01:12,2020,"642
"
Sun,Jul,26,20:01:12,2020,"642
"
Sun,Jul,26,20:01:12,2020,"642
"
Sun,Jul,26,20:01:12,2020,"642
"
Sun,Jul,26,20:01:12,2020,"642
"
Sun,Jul,26,20:01:12,2020,"642
"
Sun,Jul,26,20:01:12,2020,"642
"
Sun,Jul,26,20:01:13,2020,"642
"
Sun,Jul,26,20:01:13,2020,"642
"
Sun,Jul,26,20:01:13,2020,"642
"
Sun,Jul,26,20:01:13,2020,"642
"
Sun,Jul,26,20:01:13,2020,"706
"
Sun,Jul,26,20:01:13,2020,"706
"
Sun,Jul,26,20:01:13,2020,"706
"
Sun,Jul,26,20:01:13,2020,"706
"
Sun,Jul,26,20:01:13,2020,"706
"
Sun,Jul,26,20:01:13,2020,"706
"
Sun,Jul,26,20:01:14,2020,"706
"
Sun,Jul,26,20:01:14,2020,"706
"
Sun,Jul,26,20:01:14,2020,"706
"
Sun,Jul,26,20:01:14,2020,"706
"
Sun,Jul,26,20:01:14,2020,"706
"
Sun,Jul,26,20:01:14,2020,"706
"
Sun,Jul,26,20:01:14,2020,"706
"
Sun,Jul,26,20:01:14,2020,"706
"
Sun,Jul,26,20:01:14,2020,"706
"
Sun,Jul,26,20:01:15,2020,"706
"
Sun,Jul,26,20:01:15,2020,"706
"
Sun,Jul,26,20:01:15,2020,"706
"
Sun,Jul,26,20:01:15,2020,"706
"
Sun,Jul,26,20:01:15,2020,"706
"
Sun,Jul,26,20:01:15,2020,"642
"
Sun,Jul,26,20:01:15,2020,"642
"
Sun,Jul,26,20:01:15,2020,"642
"
Sun,Jul,26,20:01:15,2020,"642
"
Sun,Jul,26,20:01:15,2020,"642
"
Sun,Jul,26,20:01:16,2020,"642
"
Sun,Jul,26,20:01:16,2020,"642
"
Sun,Jul,26,20:01:16,2020,"642
"
Sun,Jul,26,20:01:16,2020,"642
"
Sun,Jul,26,20:01:16,2020,"642
"
Sun,Jul,26,20:01:16,2020,"706
"
Sun,Jul,26,20:01:16,2020,"706
"
Sun,Jul,26,20:01:16,2020,"706
"
Sun,Jul,26,20:01:16,2020,"706
"
Sun,Jul,26,20:01:16,2020,"706
"
Sun,Jul,26,20:01:17,2020,"706
"
Sun,Jul,26,20:01:17,2020,"706
"
Sun,Jul,26,20:01:17,2020,"706
"
Sun,Jul,26,20:01:17,2020,"706
"
Sun,Jul,26,20:01:17,2020,"706
"
Sun,Jul,26,20:01:17,2020,"706
"
Sun,Jul,26,20:01:17,2020,"706
"
Sun,Jul,26,20:01:17,2020,"706
"
Sun,Jul,26,20:01:17,2020,"706
"
Sun,Jul,26,20:01:17,2020,"706
"
Sun,Jul,26,20:01:18,2020,"706
"
Sun,Jul,26,20:01:18,2020,"706
"
Sun,Jul,26,20:01:18,2020,"706
"
Sun,Jul,26,20:01:18,2020,"706
"
Sun,Jul,26,20:01:18,2020,"706
"
Sun,Jul,26,20:01:18,2020,"706
"
Sun,Jul,26,20:01:18,2020,"706
"
Sun,Jul,26,20:01:18,2020,"706
"
Sun,Jul,26,20:01:18,2020,"706
"
Sun,Jul,26,20:01:19,2020,"706
"
Sun,Jul,26,20:01:19,2020,"706
"
Sun,Jul,26,20:01:19,2020,"706
"
Sun,Jul,26,20:01:19,2020,"706
"
Sun,Jul,26,20:01:19,2020,"706
"
Sun,Jul,26,20:01:19,2020,"706
"
Sun,Jul,26,20:01:19,2020,"706
"
Sun,Jul,26,20:01:19,2020,"706
"
Sun,Jul,26,20:01:19,2020,"706
"
Sun,Jul,26,20:01:19,2020,"706
"
Sun,Jul,26,20:01:20,2020,"706
"
Sun,Jul,26,20:01:20,2020,"706
"
Sun,Jul,26,20:01:20,2020,"706
"
Sun,Jul,26,20:01:20,2020,"706
"
Sun,Jul,26,20:01:20,2020,"706
"
Sun,Jul,26,20:01:20,2020,"706
"
Sun,Jul,26,20:01:20,2020,"706
"
Sun,Jul,26,20:01:20,2020,"706
"
Sun,Jul,26,20:01:20,2020,"706
"
Sun,Jul,26,20:01:20,2020,"706
"
Sun,Jul,26,20:01:21,2020,"706
"
Sun,Jul,26,20:01:21,2020,"706
"
Sun,Jul,26,20:01:21,2020,"706
"
Sun,Jul,26,20:01:21,2020,"706
"
Sun,Jul,26,20:01:21,2020,"706
"
Sun,Jul,26,20:01:21,2020,"706
"
Sun,Jul,26,20:01:21,2020,"706
"
Sun,Jul,26,20:01:21,2020,"706
"
Sun,Jul,26,20:01:21,2020,"706
"
Sun,Jul,26,20:01:22,2020,"706
"
Sun,Jul,26,20:01:22,2020,"706
"
Sun,Jul,26,20:01:22,2020,"706
"
Sun,Jul,26,20:01:22,2020,"706
"
Sun,Jul,26,20:01:22,2020,"706
"
Sun,Jul,26,20:01:22,2020,"706
"
Sun,Jul,26,20:01:22,2020,"706
"
Sun,Jul,26,20:01:22,2020,"642
"
Sun,Jul,26,20:01:22,2020,"642
"
Sun,Jul,26,20:01:22,2020,"642
"
Sun,Jul,26,20:01:23,2020,"642
"
Sun,Jul,26,20:01:23,2020,"642
"
Sun,Jul,26,20:01:23,2020,"642
"
Sun,Jul,26,20:01:23,2020,"642
"
Sun,Jul,26,20:01:23,2020,"642
"
Sun,Jul,26,20:01:23,2020,"642
"
Sun,Jul,26,20:01:23,2020,"642
"
Sun,Jul,26,20:01:23,2020,"706
"
Sun,Jul,26,20:01:23,2020,"706
"
Sun,Jul,26,20:01:23,2020,"706
"
Sun,Jul,26,20:01:24,2020,"706
"
Sun,Jul,26,20:01:24,2020,"706
"
Sun,Jul,26,20:01:24,2020,"706
"
Sun,Jul,26,20:01:24,2020,"706
"
Sun,Jul,26,20:01:24,2020,"706
"
Sun,Jul,26,20:01:24,2020,"706
"
Sun,Jul,26,20:01:24,2020,"706
"
Sun,Jul,26,20:01:24,2020,"642
"
Sun,Jul,26,20:01:24,2020,"642
"
Sun,Jul,26,20:01:25,2020,"642
"
Sun,Jul,26,20:01:25,2020,"642
"
Sun,Jul,26,20:01:25,2020,"642
"
Sun,Jul,26,20:01:25,2020,"642
"
Sun,Jul,26,20:01:25,2020,"642
"
Sun,Jul,26,20:01:25,2020,"642
"
Sun,Jul,26,20:01:25,2020,"642
"
Sun,Jul,26,20:01:25,2020,"642
"
Sun,Jul,26,20:01:25,2020,"706
"
Sun,Jul,26,20:01:25,2020,"706
"
Sun,Jul,26,20:01:26,2020,"706
"
Sun,Jul,26,20:01:26,2020,"706
"
Sun,Jul,26,20:01:26,2020,"706
"
Sun,Jul,26,20:01:26,2020,"706
"
Sun,Jul,26,20:01:26,2020,"706
"
Sun,Jul,26,20:01:26,2020,"706
"
Sun,Jul,26,20:01:26,2020,"706
"
Sun,Jul,26,20:01:26,2020,"706
"
Sun,Jul,26,20:01:26,2020,"642
"
Sun,Jul,26,20:01:26,2020,"642
"
Sun,Jul,26,20:01:27,2020,"642
"
Sun,Jul,26,20:01:27,2020,"642
"
Sun,Jul,26,20:01:27,2020,"642
"
Sun,Jul,26,20:01:27,2020,"642
"
Sun,Jul,26,20:01:27,2020,"642
"
Sun,Jul,26,20:01:27,2020,"642
"
Sun,Jul,26,20:01:27,2020,"642
"
Sun,Jul,26,20:01:27,2020,"642
"
Sun,Jul,26,20:01:27,2020,"642
"
Sun,Jul,26,20:01:28,2020,"642
"
Sun,Jul,26,20:01:28,2020,"642
"
Sun,Jul,26,20:01:28,2020,"642
"
Sun,Jul,26,20:01:28,2020,"642
"
Sun,Jul,26,20:01:28,2020,"642
"
Sun,Jul,26,20:01:28,2020,"642
"
Sun,Jul,26,20:01:28,2020,"642
"
Sun,Jul,26,20:01:28,2020,"642
"
Sun,Jul,26,20:01:28,2020,"642
"
Sun,Jul,26,20:01:28,2020,"642
"
Sun,Jul,26,20:01:29,2020,"642
"
Sun,Jul,26,20:01:29,2020,"642
"
Sun,Jul,26,20:01:29,2020,"642
"
Sun,Jul,26,20:01:29,2020,"642
"
Sun,Jul,26,20:01:29,2020,"642
"
Sun,Jul,26,20:01:29,2020,"642
"
Sun,Jul,26,20:01:29,2020,"642
"
Sun,Jul,26,20:01:29,2020,"642
"
Sun,Jul,26,20:01:29,2020,"642
"
Sun,Jul,26,20:01:29,2020,"706
"
Sun,Jul,26,20:01:30,2020,"706
"
Sun,Jul,26,20:01:30,2020,"706
"
Sun,Jul,26,20:01:30,2020,"706
"
Sun,Jul,26,20:01:30,2020,"706
"
Sun,Jul,26,20:01:30,2020,"706
"
Sun,Jul,26,20:01:30,2020,"706
"
Sun,Jul,26,20:01:30,2020,"706
"
Sun,Jul,26,20:01:30,2020,"706
"
Sun,Jul,26,20:01:30,2020,"706
"
Sun,Jul,26,20:01:31,2020,"706
"
Sun,Jul,26,20:01:31,2020,"706
"
Sun,Jul,26,20:01:31,2020,"706
"
Sun,Jul,26,20:01:31,2020,"706
"
Sun,Jul,26,20:01:31,2020,"706
"
Sun,Jul,26,20:01:31,2020,"706
"
Sun,Jul,26,20:01:31,2020,"706
"
Sun,Jul,26,20:01:31,2020,"706
"
Sun,Jul,26,20:01:31,2020,"706
"
Sun,Jul,26,20:01:31,2020,"706
"
Sun,Jul,26,20:01:32,2020,"642
"
Sun,Jul,26,20:01:32,2020,"642
"
Sun,Jul,26,20:01:32,2020,"642
"
Sun,Jul,26,20:01:32,2020,"642
"
Sun,Jul,26,20:01:32,2020,"642
"
Sun,Jul,26,20:01:32,2020,"642
"
Sun,Jul,26,20:01:32,2020,"642
"
Sun,Jul,26,20:01:32,2020,"642
"
Sun,Jul,26,20:01:32,2020,"642
"
Sun,Jul,26,20:01:32,2020,"642
"
Sun,Jul,26,20:01:33,2020,"642
"
Sun,Jul,26,20:01:33,2020,"642
"
Sun,Jul,26,20:01:33,2020,"642
"
Sun,Jul,26,20:01:33,2020,"642
"
Sun,Jul,26,20:01:33,2020,"642
"
Sun,Jul,26,20:01:33,2020,"642
"
Sun,Jul,26,20:01:33,2020,"642
"
Sun,Jul,26,20:01:33,2020,"642
"
Sun,Jul,26,20:01:33,2020,"642
"
Sun,Jul,26,20:01:34,2020,"642
"
Sun,Jul,26,20:01:34,2020,"706
"
Sun,Jul,26,20:01:34,2020,"706
"
Sun,Jul,26,20:01:34,2020,"706
"
Sun,Jul,26,20:01:34,2020,"706
"
Sun,Jul,26,20:01:34,2020,"706
"
Sun,Jul,26,20:01:34,2020,"706
"
Sun,Jul,26,20:01:34,2020,"706
"
Sun,Jul,26,20:01:34,2020,"706
"
Sun,Jul,26,20:01:34,2020,"706
"
Sun,Jul,26,20:01:35,2020,"706
"
Sun,Jul,26,20:01:35,2020,"642
"
Sun,Jul,26,20:01:35,2020,"642
"
Sun,Jul,26,20:01:35,2020,"642
"
Sun,Jul,26,20:01:35,2020,"642
"
Sun,Jul,26,20:01:35,2020,"642
"
Sun,Jul,26,20:01:35,2020,"642
"
Sun,Jul,26,20:01:35,2020,"642
"
Sun,Jul,26,20:01:35,2020,"642
"
Sun,Jul,26,20:01:35,2020,"642
"
Sun,Jul,26,20:01:36,2020,"642
"
Sun,Jul,26,20:01:36,2020,"642
"
Sun,Jul,26,20:01:36,2020,"642
"
Sun,Jul,26,20:01:36,2020,"642
"
Sun,Jul,26,20:01:36,2020,"642
"
Sun,Jul,26,20:01:36,2020,"642
"
Sun,Jul,26,20:01:36,2020,"642
"
Sun,Jul,26,20:01:36,2020,"642
"
Sun,Jul,26,20:01:36,2020,"642
"
Sun,Jul,26,20:01:37,2020,"642
"
Sun,Jul,26,20:01:37,2020,"642
"
Sun,Jul,26,20:01:37,2020,"706
"
Sun,Jul,26,20:01:37,2020,"706
"
Sun,Jul,26,20:01:37,2020,"706
"
Sun,Jul,26,20:01:37,2020,"706
"
Sun,Jul,26,20:01:37,2020,"706
"
Sun,Jul,26,20:01:37,2020,"706
"
Sun,Jul,26,20:01:37,2020,"706
"
Sun,Jul,26,20:01:37,2020,"706
"
Sun,Jul,26,20:01:38,2020,"706
"
Sun,Jul,26,20:01:38,2020,"706
"
Sun,Jul,26,20:01:38,2020,"706
"
Sun,Jul,26,20:01:38,2020,"706
"
Sun,Jul,26,20:01:38,2020,"706
"
Sun,Jul,26,20:01:38,2020,"706
"
Sun,Jul,26,20:01:38,2020,"706
"
Sun,Jul,26,20:01:38,2020,"706
"
Sun,Jul,26,20:01:38,2020,"706
"
Sun,Jul,26,20:01:38,2020,"706
"
Sun,Jul,26,20:01:39,2020,"706
"
Sun,Jul,26,20:01:39,2020,"706
"
Sun,Jul,26,20:01:39,2020,"642
"
Sun,Jul,26,20:01:39,2020,"642
"
Sun,Jul,26,20:01:39,2020,"642
"
Sun,Jul,26,20:01:39,2020,"642
"
Sun,Jul,26,20:01:39,2020,"642
"
Sun,Jul,26,20:01:39,2020,"642
"
Sun,Jul,26,20:01:39,2020,"642
"
Sun,Jul,26,20:01:40,2020,"642
"
Sun,Jul,26,20:01:40,2020,"642
"
Sun,Jul,26,20:01:40,2020,"642
"
Sun,Jul,26,20:01:40,2020,"706
"
Sun,Jul,26,20:01:40,2020,"706
"
Sun,Jul,26,20:01:40,2020,"706
"
Sun,Jul,26,20:01:40,2020,"706
"
Sun,Jul,26,20:01:40,2020,"706
"
Sun,Jul,26,20:01:40,2020,"706
"
Sun,Jul,26,20:01:40,2020,"706
"
Sun,Jul,26,20:01:41,2020,"706
"
Sun,Jul,26,20:01:41,2020,"706
"
Sun,Jul,26,20:01:41,2020,"706
"
Sun,Jul,26,20:01:41,2020,"642
"
Sun,Jul,26,20:01:41,2020,"642
"
Sun,Jul,26,20:01:41,2020,"642
"
Sun,Jul,26,20:01:41,2020,"642
"
Sun,Jul,26,20:01:41,2020,"642
"
Sun,Jul,26,20:01:41,2020,"642
"
Sun,Jul,26,20:01:41,2020,"642
"
Sun,Jul,26,20:01:42,2020,"642
"
Sun,Jul,26,20:01:42,2020,"642
"
Sun,Jul,26,20:01:42,2020,"642
"
Sun,Jul,26,20:01:42,2020,"642
"
Sun,Jul,26,20:01:42,2020,"642
"
Sun,Jul,26,20:01:42,2020,"642
"
Sun,Jul,26,20:01:42,2020,"642
"
Sun,Jul,26,20:01:42,2020,"642
"
Sun,Jul,26,20:01:42,2020,"642
"
Sun,Jul,26,20:01:42,2020,"642
"
Sun,Jul,26,20:01:43,2020,"642
"
Sun,Jul,26,20:01:43,2020,"642
"
Sun,Jul,26,20:01:43,2020,"642
"
Sun,Jul,26,20:01:43,2020,"706
"
Sun,Jul,26,20:01:43,2020,"706
"
Sun,Jul,26,20:01:43,2020,"706
"
Sun,Jul,26,20:01:43,2020,"706
"
Sun,Jul,26,20:01:43,2020,"706
"
Sun,Jul,26,20:01:43,2020,"706
"
Sun,Jul,26,20:01:44,2020,"706
"
Sun,Jul,26,20:01:44,2020,"706
"
Sun,Jul,26,20:01:44,2020,"706
"
Sun,Jul,26,20:01:44,2020,"706
"
Sun,Jul,26,20:01:44,2020,"706
"
Sun,Jul,26,20:01:44,2020,"706
"
Sun,Jul,26,20:01:44,2020,"706
"
Sun,Jul,26,20:01:44,2020,"706
"
Sun,Jul,26,20:01:44,2020,"706
"
Sun,Jul,26,20:01:44,2020,"706
"
Sun,Jul,26,20:01:45,2020,"706
"
Sun,Jul,26,20:01:45,2020,"706
"
Sun,Jul,26,20:01:45,2020,"706
"
Sun,Jul,26,20:01:45,2020,"706
"
Sun,Jul,26,20:01:45,2020,"642
"
Sun,Jul,26,20:01:45,2020,"642
"
Sun,Jul,26,20:01:45,2020,"642
"
Sun,Jul,26,20:01:45,2020,"642
"
Sun,Jul,26,20:01:45,2020,"642
"
Sun,Jul,26,20:01:45,2020,"642
"
Sun,Jul,26,20:01:46,2020,"642
"
Sun,Jul,26,20:01:46,2020,"642
"
Sun,Jul,26,20:01:46,2020,"642
"
Sun,Jul,26,20:01:46,2020,"642
"
Sun,Jul,26,20:01:46,2020,"642
"
Sun,Jul,26,20:01:46,2020,"642
"
Sun,Jul,26,20:01:46,2020,"642
"
Sun,Jul,26,20:01:46,2020,"642
"
Sun,Jul,26,20:01:46,2020,"642
"
Sun,Jul,26,20:01:47,2020,"642
"
Sun,Jul,26,20:01:47,2020,"642
"
Sun,Jul,26,20:01:47,2020,"642
"
Sun,Jul,26,20:01:47,2020,"642
"
Sun,Jul,26,20:01:47,2020,"642
"
Sun,Jul,26,20:01:47,2020,"706
"
Sun,Jul,26,20:01:47,2020,"706
"
Sun,Jul,26,20:01:47,2020,"706
"
Sun,Jul,26,20:01:47,2020,"706
"
Sun,Jul,26,20:01:47,2020,"706
"
Sun,Jul,26,20:01:48,2020,"706
"
Sun,Jul,26,20:01:48,2020,"706
"
Sun,Jul,26,20:01:48,2020,"706
"
Sun,Jul,26,20:01:48,2020,"706
"
Sun,Jul,26,20:01:48,2020,"706
"
Sun,Jul,26,20:01:48,2020,"706
"
Sun,Jul,26,20:01:48,2020,"706
"
Sun,Jul,26,20:01:48,2020,"706
"
Sun,Jul,26,20:01:48,2020,"706
"
Sun,Jul,26,20:01:48,2020,"706
"
Sun,Jul,26,20:01:49,2020,"706
"
Sun,Jul,26,20:01:49,2020,"706
"
Sun,Jul,26,20:01:49,2020,"706
"
Sun,Jul,26,20:01:49,2020,"706
"
Sun,Jul,26,20:01:49,2020,"706
"
Sun,Jul,26,20:01:49,2020,"706
"
Sun,Jul,26,20:01:49,2020,"706
"
Sun,Jul,26,20:01:49,2020,"706
"
Sun,Jul,26,20:01:49,2020,"706
"
Sun,Jul,26,20:01:49,2020,"706
"
Sun,Jul,26,20:01:50,2020,"706
"
Sun,Jul,26,20:01:50,2020,"706
"
Sun,Jul,26,20:01:50,2020,"706
"
Sun,Jul,26,20:01:50,2020,"706
"
Sun,Jul,26,20:01:50,2020,"706
"
Sun,Jul,26,20:01:50,2020,"642
"
Sun,Jul,26,20:01:50,2020,"642
"
Sun,Jul,26,20:01:50,2020,"642
"
Sun,Jul,26,20:01:50,2020,"642
"
Sun,Jul,26,20:01:51,2020,"642
"
Sun,Jul,26,20:01:51,2020,"642
"
Sun,Jul,26,20:01:51,2020,"642
"
Sun,Jul,26,20:01:51,2020,"642
"
Sun,Jul,26,20:01:51,2020,"642
"
Sun,Jul,26,20:01:51,2020,"642
"
Sun,Jul,26,20:01:51,2020,"706
"
Sun,Jul,26,20:01:51,2020,"706
"
Sun,Jul,26,20:01:51,2020,"706
"
Sun,Jul,26,20:01:51,2020,"706
"
Sun,Jul,26,20:01:52,2020,"706
"
Sun,Jul,26,20:01:52,2020,"706
"
Sun,Jul,26,20:01:52,2020,"706
"
Sun,Jul,26,20:01:52,2020,"706
"
Sun,Jul,26,20:01:52,2020,"706
"
Sun,Jul,26,20:01:52,2020,"706
"
Sun,Jul,26,20:01:52,2020,"642
"
Sun,Jul,26,20:01:52,2020,"642
"
Sun,Jul,26,20:01:52,2020,"642
"
Sun,Jul,26,20:01:53,2020,"642
"
Sun,Jul,26,20:01:53,2020,"642
"
Sun,Jul,26,20:01:53,2020,"642
"
Sun,Jul,26,20:01:53,2020,"642
"
Sun,Jul,26,20:01:53,2020,"642
"
Sun,Jul,26,20:01:53,2020,"642
"
Sun,Jul,26,20:01:53,2020,"642
"
Sun,Jul,26,20:01:53,2020,"706
"
Sun,Jul,26,20:01:53,2020,"706
"
Sun,Jul,26,20:01:53,2020,"706
"
Sun,Jul,26,20:01:54,2020,"706
"
Sun,Jul,26,20:01:54,2020,"706
"
Sun,Jul,26,20:01:54,2020,"706
"
Sun,Jul,26,20:01:54,2020,"706
"
Sun,Jul,26,20:01:54,2020,"706
"
Sun,Jul,26,20:01:54,2020,"706
"
Sun,Jul,26,20:01:54,2020,"706
"
Sun,Jul,26,20:01:54,2020,"642
"
Sun,Jul,26,20:01:54,2020,"642
"
Sun,Jul,26,20:01:54,2020,"642
"
Sun,Jul,26,20:01:55,2020,"642
"
Sun,Jul,26,20:01:55,2020,"642
"
Sun,Jul,26,20:01:55,2020,"642
"
Sun,Jul,26,20:01:55,2020,"642
"
Sun,Jul,26,20:01:55,2020,"642
"
Sun,Jul,26,20:01:55,2020,"642
"
Sun,Jul,26,20:01:55,2020,"642
"
Sun,Jul,26,20:01:55,2020,"706
"
Sun,Jul,26,20:01:55,2020,"706
"
Sun,Jul,26,20:01:56,2020,"706
"
Sun,Jul,26,20:01:56,2020,"706
"
Sun,Jul,26,20:01:56,2020,"706
"
Sun,Jul,26,20:01:56,2020,"706
"
Sun,Jul,26,20:01:56,2020,"706
"
Sun,Jul,26,20:01:56,2020,"706
"
Sun,Jul,26,20:01:56,2020,"706
"
Sun,Jul,26,20:01:56,2020,"706
"
Sun,Jul,26,20:01:56,2020,"706
"
Sun,Jul,26,20:01:56,2020,"706
"
Sun,Jul,26,20:01:57,2020,"706
"
Sun,Jul,26,20:01:57,2020,"706
"
Sun,Jul,26,20:01:57,2020,"706
"
Sun,Jul,26,20:01:57,2020,"706
"
Sun,Jul,26,20:01:57,2020,"706
"
Sun,Jul,26,20:01:57,2020,"706
"
Sun,Jul,26,20:01:57,2020,"706
"
Sun,Jul,26,20:01:57,2020,"706
"
Sun,Jul,26,20:01:57,2020,"706
"
Sun,Jul,26,20:01:57,2020,"706
"
Sun,Jul,26,20:01:58,2020,"706
"
Sun,Jul,26,20:01:58,2020,"706
"
Sun,Jul,26,20:01:58,2020,"706
"
Sun,Jul,26,20:01:58,2020,"706
"
Sun,Jul,26,20:01:58,2020,"706
"
Sun,Jul,26,20:01:58,2020,"706
"
Sun,Jul,26,20:01:58,2020,"706
"
Sun,Jul,26,20:01:58,2020,"706
"
Sun,Jul,26,20:01:58,2020,"706
"
Sun,Jul,26,20:01:59,2020,"706
"
Sun,Jul,26,20:01:59,2020,"706
"
Sun,Jul,26,20:01:59,2020,"706
"
Sun,Jul,26,20:01:59,2020,"706
"
Sun,Jul,26,20:01:59,2020,"706
"
Sun,Jul,26,20:01:59,2020,"706
"
Sun,Jul,26,20:01:59,2020,"706
"
Sun,Jul,26,20:01:59,2020,"706
"
Sun,Jul,26,20:01:59,2020,"706
"
Sun,Jul,26,20:01:59,2020,"642
"
Sun,Jul,26,20:02:00,2020,"642
"
Sun,Jul,26,20:02:00,2020,"642
"
Sun,Jul,26,20:02:00,2020,"642
"
Sun,Jul,26,20:02:00,2020,"642
"
Sun,Jul,26,20:02:00,2020,"642
"
Sun,Jul,26,20:02:00,2020,"642
"
Sun,Jul,26,20:02:00,2020,"642
"
Sun,Jul,26,20:02:01,2020,"642
"
Sun,Jul,26,20:02:01,2020,"642
"
Sun,Jul,26,20:02:01,2020,"706
"
Sun,Jul,26,20:02:01,2020,"706
"
Sun,Jul,26,20:02:01,2020,"706
"
Sun,Jul,26,20:02:01,2020,"706
"
Sun,Jul,26,20:02:01,2020,"706
"
Sun,Jul,26,20:02:01,2020,"706
"
Sun,Jul,26,20:02:01,2020,"706
"
Sun,Jul,26,20:02:01,2020,"706
"
Sun,Jul,26,20:02:02,2020,"706
"
Sun,Jul,26,20:02:02,2020,"706
"
Sun,Jul,26,20:02:02,2020,"642
"
Sun,Jul,26,20:02:02,2020,"642
"
Sun,Jul,26,20:02:02,2020,"642
"
Sun,Jul,26,20:02:02,2020,"642
"
Sun,Jul,26,20:02:02,2020,"642
"
Sun,Jul,26,20:02:02,2020,"642
"
Sun,Jul,26,20:02:02,2020,"642
"
Sun,Jul,26,20:02:03,2020,"642
"
Sun,Jul,26,20:02:03,2020,"642
"
Sun,Jul,26,20:02:03,2020,"642
"
Sun,Jul,26,20:02:03,2020,"642
"
Sun,Jul,26,20:02:03,2020,"642
"
Sun,Jul,26,20:02:03,2020,"642
"
Sun,Jul,26,20:02:03,2020,"642
"
Sun,Jul,26,20:02:03,2020,"642
"
Sun,Jul,26,20:02:03,2020,"642
"
Sun,Jul,26,20:02:03,2020,"642
"
Sun,Jul,26,20:02:04,2020,"642
"
Sun,Jul,26,20:02:04,2020,"642
"
Sun,Jul,26,20:02:04,2020,"642
"
Sun,Jul,26,20:02:04,2020,"642
"
Sun,Jul,26,20:02:04,2020,"642
"
Sun,Jul,26,20:02:04,2020,"642
"
Sun,Jul,26,20:02:04,2020,"642
"
Sun,Jul,26,20:02:04,2020,"642
"
Sun,Jul,26,20:02:04,2020,"642
"
Sun,Jul,26,20:02:04,2020,"642
"
Sun,Jul,26,20:02:05,2020,"642
"
Sun,Jul,26,20:02:05,2020,"642
"
Sun,Jul,26,20:02:05,2020,"642
"
Sun,Jul,26,20:02:05,2020,"706
"
Sun,Jul,26,20:02:05,2020,"706
"
Sun,Jul,26,20:02:05,2020,"706
"
Sun,Jul,26,20:02:05,2020,"706
"
Sun,Jul,26,20:02:05,2020,"706
"
Sun,Jul,26,20:02:05,2020,"706
"
Sun,Jul,26,20:02:06,2020,"706
"
Sun,Jul,26,20:02:06,2020,"706
"
Sun,Jul,26,20:02:06,2020,"706
"
Sun,Jul,26,20:02:06,2020,"706
"
Sun,Jul,26,20:02:06,2020,"642
"
Sun,Jul,26,20:02:06,2020,"642
"
Sun,Jul,26,20:02:06,2020,"642
"
Sun,Jul,26,20:02:06,2020,"642
"
Sun,Jul,26,20:02:06,2020,"642
"
Sun,Jul,26,20:02:06,2020,"642
"
Sun,Jul,26,20:02:07,2020,"642
"
Sun,Jul,26,20:02:07,2020,"642
"
Sun,Jul,26,20:02:07,2020,"642
"
Sun,Jul,26,20:02:07,2020,"642
"
Sun,Jul,26,20:02:07,2020,"642
"
Sun,Jul,26,20:02:07,2020,"642
"
Sun,Jul,26,20:02:07,2020,"642
"
Sun,Jul,26,20:02:07,2020,"642
"
Sun,Jul,26,20:02:07,2020,"642
"
Sun,Jul,26,20:02:07,2020,"642
"
Sun,Jul,26,20:02:08,2020,"642
"
Sun,Jul,26,20:02:08,2020,"642
"
Sun,Jul,26,20:02:08,2020,"642
"
Sun,Jul,26,20:02:08,2020,"642
"
Sun,Jul,26,20:02:08,2020,"642
"
Sun,Jul,26,20:02:08,2020,"642
"
Sun,Jul,26,20:02:08,2020,"642
"
Sun,Jul,26,20:02:08,2020,"642
"
Sun,Jul,26,20:02:08,2020,"642
"
Sun,Jul,26,20:02:09,2020,"642
"
Sun,Jul,26,20:02:09,2020,"642
"
Sun,Jul,26,20:02:09,2020,"642
"
Sun,Jul,26,20:02:09,2020,"642
"
Sun,Jul,26,20:02:09,2020,"642
"
Sun,Jul,26,20:02:09,2020,"706
"
Sun,Jul,26,20:02:09,2020,"706
"
Sun,Jul,26,20:02:09,2020,"706
"
Sun,Jul,26,20:02:09,2020,"706
"
Sun,Jul,26,20:02:09,2020,"706
"
Sun,Jul,26,20:02:10,2020,"706
"
Sun,Jul,26,20:02:10,2020,"706
"
Sun,Jul,26,20:02:10,2020,"706
"
Sun,Jul,26,20:02:10,2020,"706
"
Sun,Jul,26,20:02:10,2020,"706
"
Sun,Jul,26,20:02:10,2020,"642
"
Sun,Jul,26,20:02:10,2020,"642
"
Sun,Jul,26,20:02:10,2020,"642
"
Sun,Jul,26,20:02:10,2020,"642
"
Sun,Jul,26,20:02:10,2020,"642
"
Sun,Jul,26,20:02:11,2020,"642
"
Sun,Jul,26,20:02:11,2020,"642
"
Sun,Jul,26,20:02:11,2020,"642
"
Sun,Jul,26,20:02:11,2020,"642
"
Sun,Jul,26,20:02:11,2020,"642
"
Sun,Jul,26,20:02:11,2020,"706
"
Sun,Jul,26,20:02:11,2020,"706
"
Sun,Jul,26,20:02:11,2020,"706
"
Sun,Jul,26,20:02:11,2020,"706
"
Sun,Jul,26,20:02:12,2020,"706
"
Sun,Jul,26,20:02:12,2020,"706
"
Sun,Jul,26,20:02:12,2020,"706
"
Sun,Jul,26,20:02:12,2020,"706
"
Sun,Jul,26,20:02:12,2020,"706
"
Sun,Jul,26,20:02:12,2020,"706
"
Sun,Jul,26,20:02:12,2020,"642
"
Sun,Jul,26,20:02:12,2020,"642
"
Sun,Jul,26,20:02:12,2020,"642
"
Sun,Jul,26,20:02:12,2020,"642
"
Sun,Jul,26,20:02:13,2020,"642
"
Sun,Jul,26,20:02:13,2020,"642
"
Sun,Jul,26,20:02:13,2020,"642
"
Sun,Jul,26,20:02:13,2020,"642
"
Sun,Jul,26,20:02:13,2020,"642
"
Sun,Jul,26,20:02:13,2020,"642
"
Sun,Jul,26,20:02:13,2020,"706
"
Sun,Jul,26,20:02:13,2020,"706
"
Sun,Jul,26,20:02:13,2020,"706
"
Sun,Jul,26,20:02:13,2020,"706
"
Sun,Jul,26,20:02:14,2020,"706
"
Sun,Jul,26,20:02:14,2020,"706
"
Sun,Jul,26,20:02:14,2020,"706
"
Sun,Jul,26,20:02:14,2020,"706
"
Sun,Jul,26,20:02:14,2020,"706
"
Sun,Jul,26,20:02:14,2020,"706
"
Sun,Jul,26,20:02:14,2020,"642
"
Sun,Jul,26,20:02:14,2020,"642
"
Sun,Jul,26,20:02:14,2020,"642
"
Sun,Jul,26,20:02:14,2020,"642
"
Sun,Jul,26,20:02:15,2020,"642
"
Sun,Jul,26,20:02:15,2020,"642
"
Sun,Jul,26,20:02:15,2020,"642
"
Sun,Jul,26,20:02:15,2020,"642
"
Sun,Jul,26,20:02:15,2020,"642
"
Sun,Jul,26,20:02:15,2020,"642
"
Sun,Jul,26,20:02:15,2020,"642
"
Sun,Jul,26,20:02:15,2020,"642
"
Sun,Jul,26,20:02:15,2020,"642
"
Sun,Jul,26,20:02:16,2020,"642
"
Sun,Jul,26,20:02:16,2020,"642
"
Sun,Jul,26,20:02:16,2020,"642
"
Sun,Jul,26,20:02:16,2020,"642
"
Sun,Jul,26,20:02:16,2020,"642
"
Sun,Jul,26,20:02:16,2020,"642
"
Sun,Jul,26,20:02:16,2020,"642
"
Sun,Jul,26,20:02:16,2020,"642
"
Sun,Jul,26,20:02:16,2020,"642
"
Sun,Jul,26,20:02:16,2020,"642
"
Sun,Jul,26,20:02:17,2020,"642
"
Sun,Jul,26,20:02:17,2020,"642
"
Sun,Jul,26,20:02:17,2020,"642
"
Sun,Jul,26,20:02:17,2020,"642
"
Sun,Jul,26,20:02:17,2020,"642
"
Sun,Jul,26,20:02:17,2020,"642
"
Sun,Jul,26,20:02:17,2020,"642
"
Sun,Jul,26,20:02:17,2020,"706
"
Sun,Jul,26,20:02:17,2020,"706
"
Sun,Jul,26,20:02:17,2020,"706
"
Sun,Jul,26,20:02:18,2020,"706
"
Sun,Jul,26,20:02:18,2020,"706
"
Sun,Jul,26,20:02:18,2020,"706
"
Sun,Jul,26,20:02:18,2020,"706
"
Sun,Jul,26,20:02:18,2020,"706
"
Sun,Jul,26,20:02:18,2020,"706
"
Sun,Jul,26,20:02:18,2020,"706
"
Sun,Jul,26,20:02:18,2020,"706
"
Sun,Jul,26,20:02:18,2020,"706
"
Sun,Jul,26,20:02:19,2020,"706
"
Sun,Jul,26,20:02:19,2020,"706
"
Sun,Jul,26,20:02:19,2020,"706
"
Sun,Jul,26,20:02:19,2020,"706
"
Sun,Jul,26,20:02:19,2020,"706
"
Sun,Jul,26,20:02:19,2020,"706
"
Sun,Jul,26,20:02:19,2020,"706
"
Sun,Jul,26,20:02:19,2020,"706
"
Sun,Jul,26,20:02:19,2020,"642
"
Sun,Jul,26,20:02:19,2020,"642
"
Sun,Jul,26,20:02:20,2020,"642
"
Sun,Jul,26,20:02:20,2020,"642
"
Sun,Jul,26,20:02:20,2020,"642
"
Sun,Jul,26,20:02:20,2020,"642
"
Sun,Jul,26,20:02:20,2020,"642
"
Sun,Jul,26,20:02:20,2020,"642
"
Sun,Jul,26,20:02:20,2020,"642
"
Sun,Jul,26,20:02:20,2020,"642
"
Sun,Jul,26,20:02:20,2020,"706
"
Sun,Jul,26,20:02:21,2020,"706
"
Sun,Jul,26,20:02:21,2020,"706
"
Sun,Jul,26,20:02:21,2020,"706
"
Sun,Jul,26,20:02:21,2020,"706
"
Sun,Jul,26,20:02:21,2020,"706
"
Sun,Jul,26,20:02:21,2020,"706
"
Sun,Jul,26,20:02:21,2020,"706
"
Sun,Jul,26,20:02:21,2020,"706
"
Sun,Jul,26,20:02:21,2020,"706
"
Sun,Jul,26,20:02:21,2020,"706
"
Sun,Jul,26,20:02:22,2020,"706
"
Sun,Jul,26,20:02:22,2020,"706
"
Sun,Jul,26,20:02:22,2020,"706
"
Sun,Jul,26,20:02:22,2020,"706
"
Sun,Jul,26,20:02:22,2020,"706
"
Sun,Jul,26,20:02:22,2020,"706
"
Sun,Jul,26,20:02:22,2020,"706
"
Sun,Jul,26,20:02:22,2020,"706
"
Sun,Jul,26,20:02:22,2020,"706
"
Sun,Jul,26,20:02:22,2020,"706
"
Sun,Jul,26,20:02:23,2020,"706
"
Sun,Jul,26,20:02:23,2020,"706
"
Sun,Jul,26,20:02:23,2020,"706
"
Sun,Jul,26,20:02:23,2020,"706
"
Sun,Jul,26,20:02:23,2020,"706
"
Sun,Jul,26,20:02:23,2020,"706
"
Sun,Jul,26,20:02:23,2020,"706
"
Sun,Jul,26,20:02:23,2020,"706
"
Sun,Jul,26,20:02:23,2020,"706
"
Sun,Jul,26,20:02:24,2020,"706
"
Sun,Jul,26,20:02:24,2020,"706
"
Sun,Jul,26,20:02:24,2020,"706
"
Sun,Jul,26,20:02:24,2020,"706
"
Sun,Jul,26,20:02:24,2020,"706
"
Sun,Jul,26,20:02:24,2020,"706
"
Sun,Jul,26,20:02:24,2020,"706
"
Sun,Jul,26,20:02:24,2020,"706
"
Sun,Jul,26,20:02:24,2020,"706
"
Sun,Jul,26,20:02:24,2020,"706
"
Sun,Jul,26,20:02:25,2020,"706
"
Sun,Jul,26,20:02:25,2020,"706
"
Sun,Jul,26,20:02:25,2020,"706
"
Sun,Jul,26,20:02:25,2020,"706
"
Sun,Jul,26,20:02:25,2020,"706
"
Sun,Jul,26,20:02:25,2020,"706
"
Sun,Jul,26,20:02:25,2020,"706
"
Sun,Jul,26,20:02:25,2020,"706
"
Sun,Jul,26,20:02:25,2020,"706
"
Sun,Jul,26,20:02:25,2020,"706
"
Sun,Jul,26,20:02:26,2020,"706
"
Sun,Jul,26,20:02:26,2020,"706
"
Sun,Jul,26,20:02:26,2020,"706
"
Sun,Jul,26,20:02:26,2020,"706
"
Sun,Jul,26,20:02:26,2020,"706
"
Sun,Jul,26,20:02:26,2020,"706
"
Sun,Jul,26,20:02:26,2020,"706
"
Sun,Jul,26,20:02:26,2020,"706
"
Sun,Jul,26,20:02:26,2020,"706
"
Sun,Jul,26,20:02:27,2020,"706
"
Sun,Jul,26,20:02:27,2020,"642
"
Sun,Jul,26,20:02:27,2020,"642
"
Sun,Jul,26,20:02:27,2020,"642
"
Sun,Jul,26,20:02:27,2020,"642
"
Sun,Jul,26,20:02:27,2020,"642
"
Sun,Jul,26,20:02:27,2020,"642
"
Sun,Jul,26,20:02:27,2020,"642
"
Sun,Jul,26,20:02:27,2020,"642
"
Sun,Jul,26,20:02:27,2020,"642
"
Sun,Jul,26,20:02:28,2020,"642
"
Sun,Jul,26,20:02:28,2020,"642
"
Sun,Jul,26,20:02:28,2020,"642
"
Sun,Jul,26,20:02:28,2020,"642
"
Sun,Jul,26,20:02:28,2020,"642
"
Sun,Jul,26,20:02:28,2020,"642
"
Sun,Jul,26,20:02:28,2020,"642
"
Sun,Jul,26,20:02:28,2020,"642
"
Sun,Jul,26,20:02:28,2020,"642
"
Sun,Jul,26,20:02:28,2020,"642
"
Sun,Jul,26,20:02:29,2020,"642
"
Sun,Jul,26,20:02:29,2020,"706
"
Sun,Jul,26,20:02:29,2020,"706
"
Sun,Jul,26,20:02:29,2020,"706
"
Sun,Jul,26,20:02:29,2020,"706
"
Sun,Jul,26,20:02:29,2020,"706
"
Sun,Jul,26,20:02:29,2020,"706
"
Sun,Jul,26,20:02:29,2020,"706
"
Sun,Jul,26,20:02:29,2020,"706
"
Sun,Jul,26,20:02:30,2020,"706
"
Sun,Jul,26,20:02:30,2020,"706
"
Sun,Jul,26,20:02:30,2020,"706
"
Sun,Jul,26,20:02:30,2020,"706
"
Sun,Jul,26,20:02:30,2020,"706
"
Sun,Jul,26,20:02:30,2020,"706
"
Sun,Jul,26,20:02:30,2020,"706
"
Sun,Jul,26,20:02:30,2020,"706
"
Sun,Jul,26,20:02:30,2020,"706
"
Sun,Jul,26,20:02:30,2020,"706
"
Sun,Jul,26,20:02:31,2020,"706
"
Sun,Jul,26,20:02:31,2020,"706
"
Sun,Jul,26,20:02:31,2020,"642
"
Sun,Jul,26,20:02:31,2020,"642
"
Sun,Jul,26,20:02:31,2020,"642
"
Sun,Jul,26,20:02:31,2020,"642
"
Sun,Jul,26,20:02:31,2020,"642
"
Sun,Jul,26,20:02:31,2020,"642
"
Sun,Jul,26,20:02:31,2020,"642
"
Sun,Jul,26,20:02:31,2020,"642
"
Sun,Jul,26,20:02:32,2020,"642
"
Sun,Jul,26,20:02:32,2020,"642
"
Sun,Jul,26,20:02:32,2020,"642
"
Sun,Jul,26,20:02:32,2020,"642
"
Sun,Jul,26,20:02:32,2020,"642
"
Sun,Jul,26,20:02:32,2020,"642
"
Sun,Jul,26,20:02:32,2020,"642
"
Sun,Jul,26,20:02:32,2020,"642
"
Sun,Jul,26,20:02:32,2020,"642
"
Sun,Jul,26,20:02:33,2020,"642
"
Sun,Jul,26,20:02:33,2020,"642
"
Sun,Jul,26,20:02:33,2020,"642
"
Sun,Jul,26,20:02:33,2020,"706
"
Sun,Jul,26,20:02:33,2020,"706
"
Sun,Jul,26,20:02:33,2020,"706
"
Sun,Jul,26,20:02:33,2020,"706
"
Sun,Jul,26,20:02:33,2020,"706
"
Sun,Jul,26,20:02:33,2020,"706
"
Sun,Jul,26,20:02:33,2020,"706
"
Sun,Jul,26,20:02:34,2020,"706
"
Sun,Jul,26,20:02:34,2020,"706
"
Sun,Jul,26,20:02:34,2020,"706
"
Sun,Jul,26,20:02:34,2020,"642
"
Sun,Jul,26,20:02:34,2020,"642
"
Sun,Jul,26,20:02:34,2020,"642
"
Sun,Jul,26,20:02:34,2020,"642
"
Sun,Jul,26,20:02:34,2020,"642
"
Sun,Jul,26,20:02:34,2020,"642
"
Sun,Jul,26,20:02:34,2020,"642
"
Sun,Jul,26,20:02:35,2020,"642
"
Sun,Jul,26,20:02:35,2020,"642
"
Sun,Jul,26,20:02:35,2020,"642
"
Sun,Jul,26,20:02:35,2020,"642
"
Sun,Jul,26,20:02:35,2020,"642
"
Sun,Jul,26,20:02:35,2020,"642
"
Sun,Jul,26,20:02:35,2020,"642
"
Sun,Jul,26,20:02:35,2020,"642
"
Sun,Jul,26,20:02:35,2020,"642
"
Sun,Jul,26,20:02:36,2020,"642
"
Sun,Jul,26,20:02:36,2020,"642
"
Sun,Jul,26,20:02:36,2020,"642
"
Sun,Jul,26,20:02:36,2020,"642
"
Sun,Jul,26,20:02:36,2020,"706
"
Sun,Jul,26,20:02:36,2020,"706
"
Sun,Jul,26,20:02:36,2020,"706
"
Sun,Jul,26,20:02:36,2020,"706
"
Sun,Jul,26,20:02:36,2020,"706
"
Sun,Jul,26,20:02:36,2020,"706
"
Sun,Jul,26,20:02:37,2020,"706
"
Sun,Jul,26,20:02:37,2020,"706
"
Sun,Jul,26,20:02:37,2020,"706
"
Sun,Jul,26,20:02:37,2020,"706
"
Sun,Jul,26,20:02:37,2020,"642
"
Sun,Jul,26,20:02:37,2020,"642
"
Sun,Jul,26,20:02:37,2020,"642
"
Sun,Jul,26,20:02:37,2020,"642
"
Sun,Jul,26,20:02:37,2020,"642
"
Sun,Jul,26,20:02:37,2020,"642
"
Sun,Jul,26,20:02:38,2020,"642
"
Sun,Jul,26,20:02:38,2020,"642
"
Sun,Jul,26,20:02:38,2020,"642
"
Sun,Jul,26,20:02:38,2020,"642
"
Sun,Jul,26,20:02:38,2020,"642
"
Sun,Jul,26,20:02:38,2020,"642
"
Sun,Jul,26,20:02:38,2020,"642
"
Sun,Jul,26,20:02:38,2020,"642
"
Sun,Jul,26,20:02:38,2020,"642
"
Sun,Jul,26,20:02:38,2020,"642
"
Sun,Jul,26,20:02:39,2020,"642
"
Sun,Jul,26,20:02:39,2020,"642
"
Sun,Jul,26,20:02:39,2020,"642
"
Sun,Jul,26,20:02:39,2020,"642
"
Sun,Jul,26,20:02:39,2020,"706
"
Sun,Jul,26,20:02:39,2020,"706
"
Sun,Jul,26,20:02:39,2020,"706
"
Sun,Jul,26,20:02:39,2020,"5
"
Sun,Jul,26,20:02:39,2020,"1285
"
Sun,Jul,26,20:02:40,2020,"1285
"
Sun,Jul,26,20:02:40,2020,"1285
"
Sun,Jul,26,20:02:40,2020,"1285
"
Sun,Jul,26,20:02:40,2020,"1285
"
Sun,Jul,26,20:02:40,2020,"1285
"
Sun,Jul,26,20:02:40,2020,"1285
"
Sun,Jul,26,20:02:40,2020,"1285
"
Sun,Jul,26,20:02:40,2020,"1285
"
Sun,Jul,26,20:02:40,2020,"1285
"
Sun,Jul,26,20:02:40,2020,"1285
"
Sun,Jul,26,20:02:41,2020,"1285
"
Sun,Jul,26,20:02:41,2020,"1285
"
Sun,Jul,26,20:02:41,2020,"1285
"
Sun,Jul,26,20:02:41,2020,"1285
"
Sun,Jul,26,20:02:41,2020,"1285
"
Sun,Jul,26,20:02:41,2020,"1285
"
Sun,Jul,26,20:02:41,2020,"1285
"
Sun,Jul,26,20:02:41,2020,"1285
"
Sun,Jul,26,20:02:41,2020,"1285
"
Sun,Jul,26,20:02:41,2020,"1285
"
Sun,Jul,26,20:02:42,2020,"1285
"
Sun,Jul,26,20:02:42,2020,"1285
"
Sun,Jul,26,20:02:42,2020,"1285
"
Sun,Jul,26,20:02:42,2020,"1285
"
Sun,Jul,26,20:02:42,2020,"1285
"
Sun,Jul,26,20:02:42,2020,"1285
"
Sun,Jul,26,20:02:42,2020,"1285
"
Sun,Jul,26,20:02:42,2020,"1285
"
Sun,Jul,26,20:02:42,2020,"1285
"
Sun,Jul,26,20:02:43,2020,"1285
"
Sun,Jul,26,20:02:43,2020,"1285
"
Sun,Jul,26,20:02:43,2020,"1285
"
Sun,Jul,26,20:02:43,2020,"1285
"
Sun,Jul,26,20:02:43,2020,"1285
"
Sun,Jul,26,20:02:43,2020,"1285
"
Sun,Jul,26,20:02:43,2020,"1285
"
Sun,Jul,26,20:02:43,2020,"1285
"
Sun,Jul,26,20:02:43,2020,"1285
"
Sun,Jul,26,20:02:43,2020,"1285
"
Sun,Jul,26,20:02:44,2020,"1285
"
Sun,Jul,26,20:02:44,2020,"1285
"
Sun,Jul,26,20:02:44,2020,"1285
"
Sun,Jul,26,20:02:44,2020,"1285
"
Sun,Jul,26,20:02:44,2020,"1285
"
Sun,Jul,26,20:02:44,2020,"1285
"
Sun,Jul,26,20:02:44,2020,"1285
"
Sun,Jul,26,20:02:44,2020,"1285
"
Sun,Jul,26,20:02:44,2020,"1285
"
Sun,Jul,26,20:02:44,2020,"1285
"
Sun,Jul,26,20:02:45,2020,"1285
"
Sun,Jul,26,20:02:45,2020,"1285
"
Sun,Jul,26,20:02:45,2020,"1285
"
Sun,Jul,26,20:02:45,2020,"1285
"
Sun,Jul,26,20:02:45,2020,"1285
"
Sun,Jul,26,20:02:45,2020,"1285
"
Sun,Jul,26,20:02:45,2020,"1285
"
Sun,Jul,26,20:02:45,2020,"1285
"
Sun,Jul,26,20:02:45,2020,"1220
"
Sun,Jul,26,20:02:45,2020,"1220
"
Sun,Jul,26,20:02:46,2020,"1220
"
Sun,Jul,26,20:02:46,2020,"1220
"
Sun,Jul,26,20:02:46,2020,"1220
"
Sun,Jul,26,20:02:46,2020,"1220
"
Sun,Jul,26,20:02:46,2020,"1220
"
Sun,Jul,26,20:02:46,2020,"1220
"
Sun,Jul,26,20:02:46,2020,"1220
"
Sun,Jul,26,20:02:46,2020,"1220
"
Sun,Jul,26,20:02:46,2020,"1285
"
Sun,Jul,26,20:02:47,2020,"1285
"
Sun,Jul,26,20:02:47,2020,"1285
"
Sun,Jul,26,20:02:47,2020,"1285
"
Sun,Jul,26,20:02:47,2020,"1285
"
Sun,Jul,26,20:02:47,2020,"1285
"
Sun,Jul,26,20:02:47,2020,"1285
"
Sun,Jul,26,20:02:47,2020,"1285
"
Sun,Jul,26,20:02:47,2020,"1285
"
Sun,Jul,26,20:02:47,2020,"1285
"
Sun,Jul,26,20:02:47,2020,"1285
"
Sun,Jul,26,20:02:48,2020,"1285
"
Sun,Jul,26,20:02:48,2020,"1285
"
Sun,Jul,26,20:02:48,2020,"1285
"
Sun,Jul,26,20:02:48,2020,"1285
"
Sun,Jul,26,20:02:48,2020,"1285
"
Sun,Jul,26,20:02:48,2020,"1285
"
Sun,Jul,26,20:02:48,2020,"1285
"
Sun,Jul,26,20:02:48,2020,"1285
"
Sun,Jul,26,20:02:48,2020,"1285
"
Sun,Jul,26,20:02:48,2020,"1285
"
Sun,Jul,26,20:02:49,2020,"1285
"
Sun,Jul,26,20:02:49,2020,"1285
"
Sun,Jul,26,20:02:49,2020,"1285
"
Sun,Jul,26,20:02:49,2020,"1285
"
Sun,Jul,26,20:02:49,2020,"1285
"
Sun,Jul,26,20:02:49,2020,"1285
"
Sun,Jul,26,20:02:49,2020,"1285
"
Sun,Jul,26,20:02:49,2020,"1285
"
Sun,Jul,26,20:02:49,2020,"1285
"
Sun,Jul,26,20:02:50,2020,"1285
"
Sun,Jul,26,20:02:50,2020,"1285
"
Sun,Jul,26,20:02:50,2020,"1285
"
Sun,Jul,26,20:02:50,2020,"1285
"
Sun,Jul,26,20:02:50,2020,"1285
"
Sun,Jul,26,20:02:50,2020,"1285
"
Sun,Jul,26,20:02:50,2020,"1285
"
Sun,Jul,26,20:02:50,2020,"1285
"
Sun,Jul,26,20:02:50,2020,"1285
"
Sun,Jul,26,20:02:50,2020,"1285
"
Sun,Jul,26,20:02:51,2020,"1285
"
Sun,Jul,26,20:02:51,2020,"1285
"
Sun,Jul,26,20:02:51,2020,"1285
"
Sun,Jul,26,20:02:51,2020,"1285
"
Sun,Jul,26,20:02:51,2020,"1285
"
Sun,Jul,26,20:02:51,2020,"1285
"
Sun,Jul,26,20:02:51,2020,"1285
"
Sun,Jul,26,20:02:51,2020,"1285
"
Sun,Jul,26,20:02:51,2020,"1285
"
Sun,Jul,26,20:02:52,2020,"1285
"
Sun,Jul,26,20:02:52,2020,"1285
"
Sun,Jul,26,20:02:52,2020,"1285
"
Sun,Jul,26,20:02:52,2020,"1285
"
Sun,Jul,26,20:02:52,2020,"1285
"
Sun,Jul,26,20:02:52,2020,"1285
"
Sun,Jul,26,20:02:52,2020,"1285
"
Sun,Jul,26,20:02:52,2020,"1285
"
Sun,Jul,26,20:02:52,2020,"1285
"
Sun,Jul,26,20:02:52,2020,"1285
"
Sun,Jul,26,20:02:53,2020,"1285
"
Sun,Jul,26,20:02:53,2020,"1285
"
Sun,Jul,26,20:02:53,2020,"1285
"
Sun,Jul,26,20:02:53,2020,"1285
"
Sun,Jul,26,20:02:53,2020,"1285
"
Sun,Jul,26,20:02:53,2020,"1285
"
Sun,Jul,26,20:02:53,2020,"1285
"
Sun,Jul,26,20:02:53,2020,"1285
"
Sun,Jul,26,20:02:53,2020,"1285
"
Sun,Jul,26,20:02:53,2020,"1285
"
Sun,Jul,26,20:02:54,2020,"1285
"
Sun,Jul,26,20:02:54,2020,"1285
"
Sun,Jul,26,20:02:54,2020,"1285
"
Sun,Jul,26,20:02:54,2020,"1285
"
Sun,Jul,26,20:02:54,2020,"1285
"
Sun,Jul,26,20:02:54,2020,"1285
"
Sun,Jul,26,20:02:54,2020,"1285
"
Sun,Jul,26,20:02:54,2020,"1285
"
Sun,Jul,26,20:02:54,2020,"1285
"
Sun,Jul,26,20:02:54,2020,"1285
"
Sun,Jul,26,20:02:55,2020,"1285
"
Sun,Jul,26,20:02:55,2020,"1285
"
Sun,Jul,26,20:02:55,2020,"1285
"
Sun,Jul,26,20:02:55,2020,"1285
"
Sun,Jul,26,20:02:55,2020,"1285
"
Sun,Jul,26,20:02:55,2020,"1285
"
Sun,Jul,26,20:02:55,2020,"1285
"
Sun,Jul,26,20:02:55,2020,"1285
"
Sun,Jul,26,20:02:55,2020,"1285
"
Sun,Jul,26,20:02:56,2020,"1285
"
Sun,Jul,26,20:02:56,2020,"1285
"
Sun,Jul,26,20:02:56,2020,"1285
"
Sun,Jul,26,20:02:56,2020,"1285
"
Sun,Jul,26,20:02:56,2020,"1285
"
Sun,Jul,26,20:02:56,2020,"1285
"
Sun,Jul,26,20:02:56,2020,"1285
"
Sun,Jul,26,20:02:56,2020,"1285
"
Sun,Jul,26,20:02:56,2020,"1285
"
Sun,Jul,26,20:02:56,2020,"1285
"
Sun,Jul,26,20:02:57,2020,"1285
"
Sun,Jul,26,20:02:57,2020,"1285
"
Sun,Jul,26,20:02:57,2020,"1220
"
Sun,Jul,26,20:02:57,2020,"1220
"
Sun,Jul,26,20:02:57,2020,"1220
"
Sun,Jul,26,20:02:57,2020,"1220
"
Sun,Jul,26,20:02:57,2020,"1220
"
Sun,Jul,26,20:02:57,2020,"1220
"
Sun,Jul,26,20:02:57,2020,"1220
"
Sun,Jul,26,20:02:57,2020,"1220
"
Sun,Jul,26,20:02:58,2020,"1220
"
Sun,Jul,26,20:02:58,2020,"1220
"
Sun,Jul,26,20:02:58,2020,"1220
"
Sun,Jul,26,20:02:58,2020,"1220
"
Sun,Jul,26,20:02:58,2020,"1220
"
Sun,Jul,26,20:02:58,2020,"1220
"
Sun,Jul,26,20:02:58,2020,"1220
"
Sun,Jul,26,20:02:58,2020,"1220
"
Sun,Jul,26,20:02:58,2020,"1220
"
Sun,Jul,26,20:02:59,2020,"1220
"
Sun,Jul,26,20:02:59,2020,"1220
"
Sun,Jul,26,20:02:59,2020,"1220
"
Sun,Jul,26,20:02:59,2020,"1220
"
Sun,Jul,26,20:02:59,2020,"1220
"
Sun,Jul,26,20:02:59,2020,"1220
"
Sun,Jul,26,20:02:59,2020,"1220
"
Sun,Jul,26,20:02:59,2020,"1220
"
Sun,Jul,26,20:02:59,2020,"1220
"
Sun,Jul,26,20:02:59,2020,"1220
"
Sun,Jul,26,20:03:00,2020,"1220
"
Sun,Jul,26,20:03:00,2020,"1220
"
Sun,Jul,26,20:03:00,2020,"1220
"
Sun,Jul,26,20:03:00,2020,"1220
"
Sun,Jul,26,20:03:00,2020,"1220
"
Sun,Jul,26,20:03:00,2020,"1220
"
Sun,Jul,26,20:03:00,2020,"1220
"
Sun,Jul,26,20:03:00,2020,"1220
"
Sun,Jul,26,20:03:00,2020,"1220
"
Sun,Jul,26,20:03:00,2020,"1220
"
Sun,Jul,26,20:03:01,2020,"1220
"
Sun,Jul,26,20:03:01,2020,"1220
"
Sun,Jul,26,20:03:01,2020,"1220
"
Sun,Jul,26,20:03:01,2020,"1220
"
Sun,Jul,26,20:03:01,2020,"1220
"
Sun,Jul,26,20:03:01,2020,"1220
"
Sun,Jul,26,20:03:01,2020,"1220
"
Sun,Jul,26,20:03:01,2020,"1220
"
Sun,Jul,26,20:03:01,2020,"1220
"
Sun,Jul,26,20:03:01,2020,"1220
"
Sun,Jul,26,20:03:02,2020,"1220
"
Sun,Jul,26,20:03:02,2020,"1220
"
Sun,Jul,26,20:03:02,2020,"1220
"
Sun,Jul,26,20:03:02,2020,"1220
"
Sun,Jul,26,20:03:02,2020,"1220
"
Sun,Jul,26,20:03:02,2020,"1220
"
Sun,Jul,26,20:03:02,2020,"1220
"
Sun,Jul,26,20:03:02,2020,"1220
"
Sun,Jul,26,20:03:02,2020,"1220
"
Sun,Jul,26,20:03:03,2020,"1220
"
Sun,Jul,26,20:03:03,2020,"1220
"
Sun,Jul,26,20:03:03,2020,"1220
"
Sun,Jul,26,20:03:03,2020,"1220
"
Sun,Jul,26,20:03:03,2020,"1156
"
Sun,Jul,26,20:03:03,2020,"1156
"
Sun,Jul,26,20:03:03,2020,"1156
"
Sun,Jul,26,20:03:03,2020,"1156
"
Sun,Jul,26,20:03:03,2020,"1156
"
Sun,Jul,26,20:03:03,2020,"1156
"
Sun,Jul,26,20:03:04,2020,"1156
"
Sun,Jul,26,20:03:04,2020,"1156
"
Sun,Jul,26,20:03:04,2020,"1156
"
Sun,Jul,26,20:03:04,2020,"1156
"
Sun,Jul,26,20:03:04,2020,"1156
"
Sun,Jul,26,20:03:04,2020,"1156
"
Sun,Jul,26,20:03:04,2020,"1156
"
Sun,Jul,26,20:03:04,2020,"1156
"
Sun,Jul,26,20:03:04,2020,"1156
"
Sun,Jul,26,20:03:04,2020,"1156
"
Sun,Jul,26,20:03:05,2020,"1156
"
Sun,Jul,26,20:03:05,2020,"1156
"
Sun,Jul,26,20:03:05,2020,"1156
"
Sun,Jul,26,20:03:05,2020,"1156
"
Sun,Jul,26,20:03:05,2020,"1156
"
Sun,Jul,26,20:03:05,2020,"1156
"
Sun,Jul,26,20:03:05,2020,"1156
"
Sun,Jul,26,20:03:05,2020,"1156
"
Sun,Jul,26,20:03:05,2020,"1156
"
Sun,Jul,26,20:03:05,2020,"1156
"
Sun,Jul,26,20:03:06,2020,"1156
"
Sun,Jul,26,20:03:06,2020,"1156
"
Sun,Jul,26,20:03:06,2020,"1156
"
Sun,Jul,26,20:03:06,2020,"1156
"
Sun,Jul,26,20:03:06,2020,"1156
"
Sun,Jul,26,20:03:06,2020,"1156
"
Sun,Jul,26,20:03:06,2020,"1156
"
Sun,Jul,26,20:03:06,2020,"1156
"
Sun,Jul,26,20:03:06,2020,"1156
"
Sun,Jul,26,20:03:07,2020,"1156
"
Sun,Jul,26,20:03:07,2020,"1156
"
Sun,Jul,26,20:03:07,2020,"1156
"
Sun,Jul,26,20:03:07,2020,"1156
"
Sun,Jul,26,20:03:07,2020,"1156
"
Sun,Jul,26,20:03:07,2020,"1156
"
Sun,Jul,26,20:03:07,2020,"1156
"
Sun,Jul,26,20:03:07,2020,"1156
"
Sun,Jul,26,20:03:07,2020,"1156
"
Sun,Jul,26,20:03:07,2020,"1156
"
Sun,Jul,26,20:03:08,2020,"1156
"
Sun,Jul,26,20:03:08,2020,"1156
"
Sun,Jul,26,20:03:08,2020,"1156
"
Sun,Jul,26,20:03:08,2020,"1156
"
Sun,Jul,26,20:03:08,2020,"1156
"
Sun,Jul,26,20:03:08,2020,"1092
"
Sun,Jul,26,20:03:08,2020,"1092
"
Sun,Jul,26,20:03:08,2020,"1092
"
Sun,Jul,26,20:03:08,2020,"1092
"
Sun,Jul,26,20:03:08,2020,"1092
"
Sun,Jul,26,20:03:09,2020,"1092
"
Sun,Jul,26,20:03:09,2020,"1092
"
Sun,Jul,26,20:03:09,2020,"1092
"
Sun,Jul,26,20:03:09,2020,"1092
"
Sun,Jul,26,20:03:09,2020,"1092
"
Sun,Jul,26,20:03:09,2020,"1092
"
Sun,Jul,26,20:03:09,2020,"1092
"
Sun,Jul,26,20:03:09,2020,"1092
"
Sun,Jul,26,20:03:09,2020,"1092
"
Sun,Jul,26,20:03:10,2020,"1092
"
Sun,Jul,26,20:03:10,2020,"1092
"
Sun,Jul,26,20:03:10,2020,"1092
"
Sun,Jul,26,20:03:10,2020,"1092
"
Sun,Jul,26,20:03:10,2020,"1092
"
Sun,Jul,26,20:03:10,2020,"1092
"
Sun,Jul,26,20:03:10,2020,"1092
"
Sun,Jul,26,20:03:10,2020,"1092
"
Sun,Jul,26,20:03:10,2020,"1092
"
Sun,Jul,26,20:03:10,2020,"1092
"
Sun,Jul,26,20:03:11,2020,"1092
"
Sun,Jul,26,20:03:11,2020,"1092
"
Sun,Jul,26,20:03:11,2020,"1092
"
Sun,Jul,26,20:03:11,2020,"1092
"
Sun,Jul,26,20:03:11,2020,"1092
"
Sun,Jul,26,20:03:11,2020,"1092
"
Sun,Jul,26,20:03:11,2020,"1092
"
Sun,Jul,26,20:03:11,2020,"1092
"
Sun,Jul,26,20:03:11,2020,"1092
"
Sun,Jul,26,20:03:11,2020,"1092
"
Sun,Jul,26,20:03:12,2020,"1092
"
Sun,Jul,26,20:03:12,2020,"1092
"
Sun,Jul,26,20:03:12,2020,"1092
"
Sun,Jul,26,20:03:12,2020,"1092
"
Sun,Jul,26,20:03:12,2020,"1092
"
Sun,Jul,26,20:03:12,2020,"1092
"
Sun,Jul,26,20:03:12,2020,"1092
"
Sun,Jul,26,20:03:12,2020,"1092
"
Sun,Jul,26,20:03:12,2020,"1092
"
Sun,Jul,26,20:03:13,2020,"1092
"
Sun,Jul,26,20:03:13,2020,"1092
"
Sun,Jul,26,20:03:13,2020,"1092
"
Sun,Jul,26,20:03:13,2020,"1092
"
Sun,Jul,26,20:03:13,2020,"1092
"
Sun,Jul,26,20:03:13,2020,"1092
"
Sun,Jul,26,20:03:13,2020,"1092
"
Sun,Jul,26,20:03:13,2020,"1092
"
Sun,Jul,26,20:03:13,2020,"1092
"
Sun,Jul,26,20:03:13,2020,"1092
"
Sun,Jul,26,20:03:14,2020,"1092
"
Sun,Jul,26,20:03:14,2020,"1092
"
Sun,Jul,26,20:03:14,2020,"1092
"
Sun,Jul,26,20:03:14,2020,"1092
"
Sun,Jul,26,20:03:14,2020,"1092
"
Sun,Jul,26,20:03:14,2020,"1092
"
Sun,Jul,26,20:03:14,2020,"1092
"
Sun,Jul,26,20:03:14,2020,"1028
"
Sun,Jul,26,20:03:14,2020,"1028
"
Sun,Jul,26,20:03:14,2020,"1028
"
Sun,Jul,26,20:03:15,2020,"1028
"
Sun,Jul,26,20:03:15,2020,"1028
"
Sun,Jul,26,20:03:15,2020,"1028
"
Sun,Jul,26,20:03:15,2020,"1028
"
Sun,Jul,26,20:03:15,2020,"1028
"
Sun,Jul,26,20:03:15,2020,"1028
"
Sun,Jul,26,20:03:15,2020,"1028
"
Sun,Jul,26,20:03:15,2020,"1028
"
Sun,Jul,26,20:03:15,2020,"1028
"
Sun,Jul,26,20:03:16,2020,"1028
"
Sun,Jul,26,20:03:16,2020,"1028
"
Sun,Jul,26,20:03:16,2020,"1028
"
Sun,Jul,26,20:03:16,2020,"1028
"
Sun,Jul,26,20:03:16,2020,"1028
"
Sun,Jul,26,20:03:16,2020,"1028
"
Sun,Jul,26,20:03:16,2020,"1028
"
Sun,Jul,26,20:03:16,2020,"1028
"
Sun,Jul,26,20:03:16,2020,"1028
"
Sun,Jul,26,20:03:16,2020,"1028
"
Sun,Jul,26,20:03:17,2020,"1028
"
Sun,Jul,26,20:03:17,2020,"1028
"
Sun,Jul,26,20:03:17,2020,"1028
"
Sun,Jul,26,20:03:17,2020,"1028
"
Sun,Jul,26,20:03:17,2020,"1028
"
Sun,Jul,26,20:03:17,2020,"1028
"
Sun,Jul,26,20:03:17,2020,"1028
"
Sun,Jul,26,20:03:17,2020,"1028
"
Sun,Jul,26,20:03:17,2020,"963
"
Sun,Jul,26,20:03:17,2020,"963
"
Sun,Jul,26,20:03:18,2020,"963
"
Sun,Jul,26,20:03:18,2020,"963
"
Sun,Jul,26,20:03:18,2020,"963
"
Sun,Jul,26,20:03:18,2020,"963
"
Sun,Jul,26,20:03:18,2020,"963
"
Sun,Jul,26,20:03:18,2020,"963
"
Sun,Jul,26,20:03:18,2020,"963
"
Sun,Jul,26,20:03:18,2020,"963
"
Sun,Jul,26,20:03:18,2020,"963
"
Sun,Jul,26,20:03:18,2020,"963
"
Sun,Jul,26,20:03:19,2020,"963
"
Sun,Jul,26,20:03:19,2020,"963
"
Sun,Jul,26,20:03:19,2020,"963
"
Sun,Jul,26,20:03:19,2020,"963
"
Sun,Jul,26,20:03:19,2020,"963
"
Sun,Jul,26,20:03:19,2020,"963
"
Sun,Jul,26,20:03:19,2020,"963
"
Sun,Jul,26,20:03:19,2020,"963
"
Sun,Jul,26,20:03:19,2020,"963
"
Sun,Jul,26,20:03:20,2020,"963
"
Sun,Jul,26,20:03:20,2020,"963
"
Sun,Jul,26,20:03:20,2020,"963
"
Sun,Jul,26,20:03:20,2020,"963
"
Sun,Jul,26,20:03:20,2020,"963
"
Sun,Jul,26,20:03:20,2020,"963
"
Sun,Jul,26,20:03:20,2020,"963
"
Sun,Jul,26,20:03:20,2020,"963
"
Sun,Jul,26,20:03:20,2020,"963
"
Sun,Jul,26,20:03:20,2020,"899
"
Sun,Jul,26,20:03:21,2020,"899
"
Sun,Jul,26,20:03:21,2020,"899
"
Sun,Jul,26,20:03:21,2020,"899
"
Sun,Jul,26,20:03:21,2020,"899
"
Sun,Jul,26,20:03:21,2020,"899
"
Sun,Jul,26,20:03:21,2020,"899
"
Sun,Jul,26,20:03:21,2020,"899
"
Sun,Jul,26,20:03:21,2020,"899
"
Sun,Jul,26,20:03:21,2020,"899
"
Sun,Jul,26,20:03:21,2020,"899
"
Sun,Jul,26,20:03:22,2020,"899
"
Sun,Jul,26,20:03:22,2020,"899
"
Sun,Jul,26,20:03:22,2020,"899
"
Sun,Jul,26,20:03:22,2020,"899
"
Sun,Jul,26,20:03:22,2020,"899
"
Sun,Jul,26,20:03:22,2020,"899
"
Sun,Jul,26,20:03:22,2020,"899
"
Sun,Jul,26,20:03:22,2020,"899
"
Sun,Jul,26,20:03:22,2020,"899
"
Sun,Jul,26,20:03:23,2020,"835
"
Sun,Jul,26,20:03:23,2020,"835
"
Sun,Jul,26,20:03:23,2020,"835
"
Sun,Jul,26,20:03:23,2020,"835
"
Sun,Jul,26,20:03:23,2020,"835
"
Sun,Jul,26,20:03:23,2020,"835
"
Sun,Jul,26,20:03:23,2020,"835
"
Sun,Jul,26,20:03:23,2020,"835
"
Sun,Jul,26,20:03:23,2020,"835
"
Sun,Jul,26,20:03:23,2020,"835
"
Sun,Jul,26,20:03:24,2020,"835
"
Sun,Jul,26,20:03:24,2020,"835
"
Sun,Jul,26,20:03:24,2020,"835
"
Sun,Jul,26,20:03:24,2020,"835
"
Sun,Jul,26,20:03:24,2020,"835
"
Sun,Jul,26,20:03:24,2020,"835
"
Sun,Jul,26,20:03:24,2020,"835
"
Sun,Jul,26,20:03:24,2020,"835
"
Sun,Jul,26,20:03:24,2020,"835
"
Sun,Jul,26,20:03:24,2020,"835
"
Sun,Jul,26,20:03:25,2020,"771
"
Sun,Jul,26,20:03:25,2020,"771
"
Sun,Jul,26,20:03:25,2020,"771
"
Sun,Jul,26,20:03:25,2020,"771
"
Sun,Jul,26,20:03:25,2020,"771
"
Sun,Jul,26,20:03:25,2020,"771
"
Sun,Jul,26,20:03:25,2020,"771
"
Sun,Jul,26,20:03:25,2020,"771
"
Sun,Jul,26,20:03:25,2020,"771
"
Sun,Jul,26,20:03:26,2020,"771
"
Sun,Jul,26,20:03:26,2020,"771
"
Sun,Jul,26,20:03:26,2020,"771
"
Sun,Jul,26,20:03:26,2020,"771
"
Sun,Jul,26,20:03:26,2020,"771
"
Sun,Jul,26,20:03:26,2020,"771
"
Sun,Jul,26,20:03:26,2020,"771
"
Sun,Jul,26,20:03:26,2020,"771
"
Sun,Jul,26,20:03:26,2020,"771
"
Sun,Jul,26,20:03:26,2020,"771
"
Sun,Jul,26,20:03:27,2020,"771
"
Sun,Jul,26,20:03:27,2020,"706
"
Sun,Jul,26,20:03:27,2020,"706
"
Sun,Jul,26,20:03:27,2020,"706
"
Sun,Jul,26,20:03:27,2020,"706
"
Sun,Jul,26,20:03:27,2020,"706
"
Sun,Jul,26,20:03:27,2020,"706
"
Sun,Jul,26,20:03:27,2020,"706
"
Sun,Jul,26,20:03:27,2020,"706
"
Sun,Jul,26,20:03:27,2020,"706
"
Sun,Jul,26,20:03:28,2020,"706
"
Sun,Jul,26,20:03:28,2020,"706
"
Sun,Jul,26,20:03:28,2020,"706
"
Sun,Jul,26,20:03:28,2020,"706
"
Sun,Jul,26,20:03:28,2020,"706
"
Sun,Jul,26,20:03:28,2020,"706
"
Sun,Jul,26,20:03:28,2020,"706
"
Sun,Jul,26,20:03:28,2020,"706
"
Sun,Jul,26,20:03:28,2020,"706
"
Sun,Jul,26,20:03:29,2020,"706
"
Sun,Jul,26,20:03:29,2020,"706
"
Sun,Jul,26,20:03:29,2020,"642
"
Sun,Jul,26,20:03:29,2020,"642
"
Sun,Jul,26,20:03:29,2020,"642
"
Sun,Jul,26,20:03:29,2020,"642
"
Sun,Jul,26,20:03:29,2020,"642
"
Sun,Jul,26,20:03:29,2020,"642
"
Sun,Jul,26,20:03:29,2020,"642
"
Sun,Jul,26,20:03:29,2020,"642
"
Sun,Jul,26,20:03:30,2020,"642
"
Sun,Jul,26,20:03:30,2020,"642
"
Sun,Jul,26,20:03:30,2020,"642
"
Sun,Jul,26,20:03:30,2020,"642
"
Sun,Jul,26,20:03:30,2020,"642
"
Sun,Jul,26,20:03:30,2020,"642
"
Sun,Jul,26,20:03:30,2020,"642
"
Sun,Jul,26,20:03:30,2020,"642
"
Sun,Jul,26,20:03:30,2020,"642
"
Sun,Jul,26,20:03:30,2020,"642
"
Sun,Jul,26,20:03:31,2020,"642
"
Sun,Jul,26,20:03:31,2020,"642
"
Sun,Jul,26,20:03:31,2020,"642
"
Sun,Jul,26,20:03:31,2020,"642
"
Sun,Jul,26,20:03:31,2020,"642
"
Sun,Jul,26,20:03:31,2020,"642
"
Sun,Jul,26,20:03:31,2020,"642
"
Sun,Jul,26,20:03:31,2020,"642
"
Sun,Jul,26,20:03:31,2020,"642
"
Sun,Jul,26,20:03:31,2020,"642
"
Sun,Jul,26,20:03:32,2020,"642
"
Sun,Jul,26,20:03:32,2020,"642
"
Sun,Jul,26,20:03:32,2020,"642
"
Sun,Jul,26,20:03:32,2020,"642
"
Sun,Jul,26,20:03:32,2020,"642
"
Sun,Jul,26,20:03:32,2020,"642
"
Sun,Jul,26,20:03:32,2020,"642
"
Sun,Jul,26,20:03:32,2020,"642
"
Sun,Jul,26,20:03:32,2020,"642
"
Sun,Jul,26,20:03:33,2020,"642
"
Sun,Jul,26,20:03:33,2020,"642
"
Sun,Jul,26,20:03:33,2020,"642
"
Sun,Jul,26,20:03:33,2020,"642
"
Sun,Jul,26,20:03:33,2020,"642
"
Sun,Jul,26,20:03:33,2020,"642
"
Sun,Jul,26,20:03:33,2020,"642
"
Sun,Jul,26,20:03:33,2020,"642
"
Sun,Jul,26,20:03:33,2020,"642
"
Sun,Jul,26,20:03:33,2020,"642
"
Sun,Jul,26,20:03:34,2020,"642
"
Sun,Jul,26,20:03:34,2020,"642
"
Sun,Jul,26,20:03:34,2020,"642
"
Sun,Jul,26,20:03:34,2020,"642
"
Sun,Jul,26,20:03:34,2020,"642
"
Sun,Jul,26,20:03:34,2020,"642
"
Sun,Jul,26,20:03:34,2020,"642
"
Sun,Jul,26,20:03:34,2020,"642
"
Sun,Jul,26,20:03:34,2020,"642
"
Sun,Jul,26,20:03:34,2020,"642
"
Sun,Jul,26,20:03:35,2020,"642
"
Sun,Jul,26,20:03:35,2020,"642
"
Sun,Jul,26,20:03:35,2020,"642
"
